name,id,star,url,comment
肖申克的救赎,1292052,9.6,https://movie.douban.com/subject/1292052/," 不需要女主角的好电影
         恐惧让你沦为囚犯，希望让你重获自由。——《肖申克的救赎》
         策划了19年的私奔……
         关于希望最强有力的注释。
         当年的奥斯卡颁奖礼上，被如日中天的《阿甘正传》掩盖了它的光彩，而随着时间的推移，这部电影在越来越多的人们心中的地位已超越了《阿甘》。每当现实令我疲惫得产生无力感，翻出这张碟，就重获力量。毫无疑问，本片位列男人必看的电影前三名！回顾那一段经典台词：“有的人的羽翼是如此光辉，即使世界上最黑暗的牢狱，也无法长久地将他围困！”
         有种鸟是关不住的.
         忒经典的东西,我要带去我的坟墓
         超级喜欢超级喜欢,不看的话人生不圆满.
         “这是一部男人必看的电影。”人人都这么说。但单纯从性别区分，就会让这电影变狭隘。《肖申克的救赎》突破了男人电影的局限，通篇几乎充满令人难以置信的温馨基调，而电影里最伟大的主题是“希望”。
当我们无奈地遇到了如同肖申克一般囚禁了心灵自由的那种囹圄，我们是无奈的老布鲁克，灰心的瑞德，还是智慧的安迪？运用智慧，信任希望，并且勇敢面对恐惧心理，去打败它？
经典的电影之所以经典，因为他们都在做同一件事——让你从不同的角度来欣赏希望的美好。
         真的不喜欢，不好看，没感觉
         这无疑是我看得最多的一部经典,爱死
         人的生命不过是从一个洞穴通往另一个世界..然后在那个世界的雨中继续颤抖.i hope
         点在哪？浅白的励志片诶
         Fear Can Hold You Prisoner, Hope Can Set You Free
         没有人会不喜欢吧！书和电影都好。
         Hope is a good thing, and maybe the best thing of all.
         越狱我感觉就是改编自这个
         看完让人很振奋
         hope is a good thing
         有那么好吗？？？？？
        "
这个杀手不太冷,1295644,9.4,https://movie.douban.com/subject/1295644/," 萝莉有颗御姐心，正太有个大叔身——邪恶又天真、残酷又温柔，多完美~
         一半的魅力来自反派：Gary Oldman.
         她对Leon说，自从遇见你后，我的胃，再也不痛了……
         我开始想要过得快乐，睡在床上，有牵挂
         他们居然没做爱
         Leon的门打开，一束好象来自天堂的光照在Mathilda脸上。给他快乐，从不发问。细节和大方向都很出色，一部控制得几乎完美的电影。
         这个男人他是从儿时的动画片里走出来的，是邪恶和童真的混合体，这令我着迷。
         小妞造型不错，赶在长残之前拍完了
         -Is life always this hard.or is it just when you're a kid
-Always like this. 
         一个杀手被一个萝莉害死的故事
         娜塔莉波特曼激萌啊
         喜欢这个喝牛奶的男人
         Here in my stomach. It's all warm. I always had a knot there, and now.. it's gone.
         我没啥感觉的公认好片。
         我到哪里找，像你这么好。
         爱上了让雷诺。爱上了这个意大利杀手的温情。爱上了他脸部轮廓，和刚毅的线条。“人生诸多辛苦，是不是只有童年如此。”玛蒂尔达问。里昂说，“一直如此。”这样的话，击中了内心深处。
         或许是很多姑娘大叔控的根源。
         Léon： You're not going to lose me. You've given me a taste for life. I wanna be happy. Sleep in a bed, have roots. And you'll never be alone again, Mathilda. Please, go now, baby, go. Calm down, go now, go. 
         找不到比这个更喜欢的了。
         看到泪飙，世上最温情的杀手。
幸运的姑娘在12岁就遇到了真正的男人。

        "
霸王别姬,1291546,9.5,https://movie.douban.com/subject/1291546/," 陈凯歌可以靠它吃两辈子饭了，现在看来江郎才尽也情有可原
         如果拍完这部电影就死去，陈凯歌就不朽了！！可惜他后来又拍了不少电影。。。
         说好了一辈子，少一年、一天、一个时辰，都不是一辈子。
         在野路子出身的张国荣面前，学院出身的张丰毅显得那么单薄
         他竟当面一语点破：虞姬是真虞姬，霸王是假霸王。
         最优秀的中国电影
         张丰毅骂游行学生：“一个个都他妈忠臣良将的摸样，那日本兵就在城外，打去呀，敢情欺负的还是中国人。”英达接过来说，“瞎哄呗，学生们不都没娶过媳妇儿不是？总得找个地方煞煞火。” 
         不解,拍出过霸王别姬的人怎能拍出无极来
         就凭这个，我愿意原谅陈凯歌一切的烂片 你只要伟大过一次就可以了 就凭这个 哥哥你是我心中永远不朽的传奇 你是全世界最大的角儿
         君王意气尽 贱妾何聊生
         人戏不分，不疯魔不成活。
         仨小时的电影，我没上一次厕所，一直专注的在看，除了牛逼我想不出其他的词儿了。直男对于gay来说终究是祸害，他们不敢爱，面对自己的感情畏畏缩缩，伤了别人还假惺惺。每个人都演的很好，蒋雯丽虽然出场不到半小时，也是把角色诠释的淋漓尽致。这真是陈导的巅峰之作了。
         我料想过它好，可没想过居然这么好，一部电影，故事，角色，演员，情感，内涵，光影，剪辑的运用。能有一方面做好便已经难得，而它居然全部都做到了。对于这样一部电影居然没能得到奥斯卡最佳外语片，我只能说——真他妈瞎了你们的狗眼
         虞姬死了，程蝶衣死了，张国荣死了。戏里戏外，真真假假，可是，结果都一样。
         你凝视你的脸，几亿人在爱恋。
         这真的不是电影，而是人生。如此真实深刻地反映了从抗战前夕至文革的那段历史时期下命运凄惨的人们，渗透在每一个细节，包括那个不能忍受戏班虐打的孩子，而文革中六亲不认，人格扭曲更是展现到了极致。当然最赞的是哥哥的表演，如此悲哀可怜的蝶衣让人心痛，不疯魔不成活，人戏不分，现实的他也是如此
         凱歌也曾NB過，那時風華絕代的張國榮也還那麼年輕……
         往事不要再提，人生已多风雨。纵然记忆抹不去，爱与恨都还在心里。真的要断了过去，让明天好好继续，你就不必再苦苦追问他的消息。爱情他是个难题，让人目眩神迷，忘了痛或许可以，忘了你却太不容易。我对你仍有爱意我对自己无能为力。
         程蝶衣就是个入戏太深的痴人，眼里只有霸王，而“霸王”却为了保命背叛了虞姬也背叛了自己的老婆，段小楼戏里戏外分得很清，他只是戏台上的霸王，菊仙的结局真是可怜。日本人凶残但对于艺术却有人能真正欣赏，有礼有序；某党真是让人只能苦笑，打砸抢烧乱批斗，袁四爷说得好，到底谁才是辱我国粹之人！
         不疯魔，不成活
        "
阿甘正传,1292720,9.4,https://movie.douban.com/subject/1292720/," 羡慕珍妮，不管她多么叛逆、落魄、堕落，永远有阿甘在等她回来
         不看这个，相当于没看过电影
         说实话，我没看到影片过于励志的内容。只看到阿甘利用了他的天赋，并成功了。当然，他很执着，很善良。
         电影开篇,就告诉了人生的真实意义，就是羽毛,你无法决定和选择将要遇到什么,只能随风摇曳,在空中尽情的舒展美好!
         妈妈说，生活就像一盒巧克力……请不要再续下一句，耳朵听的起了茧子。
         他不是幸运，他只是一直在做正确的事情，真心对人，信守承诺，听从命令，孝顺母亲，照顾朋友....这才是走向成功的必然之路。他不是低能，他只是善良。
         每年看一遍，每年哭一遍，看看自己幸福还是阿甘幸福！时间：从2003开始每年一遍
         Mama always said life was like a box of chocolates. You never know what you're gonna get.
         阿甘奔跑的意象，应该留在了很多人心里。
         我生命里最温暖的一部电影
         太甜美的美國夢
         太TMD的煽情、教育和虛偽了。丫努力就有收獲嗎？如果不是包含美國夢色彩和理想主義情懷，它本可以更好
         you are my girl.

         人生就像一盒巧克力，你不知道会选中哪一颗。
         十年前看过一遍，那时还是一个小屁孩，就像Forrest的妈妈说的一样，生活就像一盒巧克力，十年前的我绝对不会预料得到现在我会成为一个这样的大男生。Forrest Gump真是把""蠢萌""这两个字发挥到极致，我的意思是，蠢萌，其实也是上帝给予的天赋。
         美国梦史诗，但在看似浮华的场面背后依旧是不堪一击的羸弱，完全过场版的故事走向，为了把那些历史的节点串在一起而刻意斧凿的剧情实在很冗杂；坚决反对这种投机倒把的行为。
         人人都该看!!
         记者：“中国有什么？”阿甘：“中国什么都没有”
         遇见阿甘一般的男人是一生的梦想
         一切尽在不言……我人生的第一部电影
        "
美丽人生,1292063,9.5,https://movie.douban.com/subject/1292063/," 或许这是我看过的最伟大的喜剧。
         如果谎言可以这样美丽，我也情愿生活在谎言之中
         我以为如此智慧的一个人，在那几声枪响过后，必定是会走出来，继续对他的公主说早安的...
         喜剧的开始，悲剧的结束，
满满的亲情，无限的父爱
         看了这个不要看《辛德勒名单》或者看了《辛德勒名单》不要看这个。时间：2005
         9.5？！奥斯卡！？就拍成这样也配！？
         即使是悲惨世界,也要大大的笑着.
         乐观的态度,持久的爱情，伟大的父爱,在这种残忍的践踏中表现出来才让人如此的动容,一定不会忘了这位犹太青年
         人生，就是喜剧，就是一场1000分的游戏。千万别哭，不然那个迈着正步去赴死的犹太人会笑话你的。
 

         很久以前看过的，永远难忘片中的父亲被枪毙前的鬼脸
         这是父亲所作的牺牲，这是父亲赐我的恩典。★★★★☆
         绝对难忘的一部片子----影片结尾美国大兵的那句 hei! boy! 叫人已经凉透了的心又感到了温暖。
         父爱构筑了一场温馨的战争，没有在孩子心里留下任何阴影。故事分裂成两部分，前半是圭多对公主的追逐，用智慧战胜了强大的求婚者，抱得美人归；后半是战争风雨飘摇时对亲情的忠诚，在迈开大正步赴死，努力保护孩子时，父爱如山，界已成神.
         对我说：“早上好，公主”吧
         不喜欢话痨癫狂式的表演~~
         最温柔的谎言。
         我爸爸是四核的超人
         在真实的历史面前，不可能有这样的轻松与浪漫！
         早安！公主！
         美丽的灵魂成就美丽的人生
        "
千与千寻,1291561,9.2,https://movie.douban.com/subject/1291561/," 不努力工作会变成猪
         曾发生过的事请不可能忘记 只不过是你想不起罢了
         自认为是宫崎骏最好的一部。
         每次看这些神作的时候想到这是动画片这是一群牛人一笔一笔画出来的,就觉得漏看掉一帧都实在是对不起他们啊
         我觉得这是一部。。。额。。。恐怖片
         十年后重看只想大哭，其实我们都明白这个结局。
         最好的宫崎骏，最好的久石让。
         莫贪吃！贪吃变成猪！
         “有些事情是不可能忘记的。 只是一时想不起来。”忘了怎么打动我的了……好像不是打动，而是震撼。
         内个白龙好像塔矢亮！其实这是个爱丽丝漫游奇遇记的东方版呢！
         有那么那么经典吗？还是我老了？
         曾经发生过的事情是不可能忘记的，只是想不起来罢了……你会帮我想起自己是谁对吧
         又是个成人动画,估计大部分中国观众很难体会什么.
         你忘了吗?
往下飞的时候眼泪是往上流的.
         有一点模糊的小爱情...小白龙报恩，千寻想起了她自己及小情人儿的名字。帮客人洗澡，小煤球儿来回跑。这些经历给我多好玩儿，我一定不会变成大猪，不乱吃东西，给客人洗得干干净净。小白龙永远跟我好^^回到14岁：）
         一个寻找自我或者自我复苏的过程
         我与猪都认可的片儿。
         天呐我绝对加过这个豆瓣你干嘛把我电影丢了
         即使只是短暂的一瞥，也是莫大的力量，这就是谁都想要的激动和幸福。
         回归纯真
        "
辛德勒的名单,1295124,9.4,https://movie.douban.com/subject/1295124/," 有钱才能保护喜欢的人
         导演很清楚观众会喜欢什么，而这正是我不喜欢的地方
         印象很深刻的是黑白画面中的红色。
         出门的时候，看到灯火辉煌的城市，会觉得一切幸福美好都是罪恶。。。
         救人一命就是救全世界.
         这不止是剧情，更是技术、镜头、剪辑、演技和配乐的综合胜利。表达是一出技巧活，不以剧本和背景定优劣，这一切都是导演的功力和运气造成，不可求，但可遇——《辛德勒的名单》可谓厚积薄发。而实论背景，辛德勒本人之事尚存争议，电影却已在全世界人面前诠释并且定性了，由此可见媒体的影响之大
         请看一部没有笑容的电影吧
         我哭死算了我
         不仅仅是犹太人，而是整个人类的悲剧。
         救人一命等于救全人类。集中营进得来，出不去，除非你从焚尸炉的烟囱里爬出去。
         “凡救人一命，即救全世界！”一段如此深刻的历史，多么希望它早早结束，但如此一部经典的影片你却永远都不想它完结。感动于良知，印象很深刻的永远是黑白画面中的那一抹红色。在任何时代，不管有多么的黑暗，都会有人性的光辉在闪烁着；经典的影片也不会因为缺失色彩而让人觉得沉闷。★★★★☆
         很棒，直击人心。不知道什么时候中国也能拍出这样的电影。
         属于看时激动,看完越想越没意思的那种
         献给导演认真的态度和无数个小高潮
         人性之恶，生命之荒谬
         本来是五星，看到末尾变成四星了
         媚俗！
         站台记录了那个年代可怕的未来和往昔，人心充斥的只有霸道和惨绝。
         每一次看都有新鲜发现，每一次看都会内牛满面。
         是经典,都该看一看.
        "
泰坦尼克号,1292722,9.2,https://movie.douban.com/subject/1292722/," 我还就给5星了  怎么样八
         那对对死无所畏惧的老夫妇，那个不为外界干扰的乐队，那个为生而做一次假父亲的男人，那个为爱人吹响口哨的女人。都是为了一种心灵上的执着。
         “我甚至连一张他的画像都没有，但他永远活在我心中。” 要敢说，这是我一直深爱的电影。
         还是会哭。
         永远是我在电影院所看过最好的电影
         一部应该被记住的电影.
         还用说么？太经典了。
         事隔那麼多年依然無法忘記當初的感動。
         生死两茫茫
不思量
自难忘
         卡梅隆的剧本功夫其实还可以，但是这种美式主流领域内的穷小子操高贵小姐的故事注定无聊
         爱你只是一瞬，却不知在时间的洪流中成了永恒。
         里奥纳多啊……
         若干年后，2010年12月27日凌晨一点半，我不知道还有谁醒着没睡，还有谁和我一样，刚重温过这片子，或是刚刚打开准备重温。我又哭得很惨，这是毫无疑问的。我想，之所以不情愿活着，是因为没有那个如此相爱想要厮守的人；不情愿死去，是因为没有一个人如此爱我，值得我为他去死。
         我想失去的才是永恒的。
         经典的经典的经典
         神话是这样出现的
         这个过于经典
         爱情撼动全世界！2008.7.26 CCTV6

         高中时代的大片，最让我动心的是音乐
         看了四遍，最后一次也是五年前了吧。不知再拿出来重温的话，会不会嚎啕大哭，像小学那时一样。 1998，5
        "
盗梦空间,3541415,9.2,https://movie.douban.com/subject/3541415/," 大概广电局也不知道该从哪里剪
         卡梅隆负责革新电影技术，诺兰负责革新电影结构...
         1、电影确实精彩。2、没有想象的难懂，相信你自己。3、总会有一个让你记一辈子的镜头。4、请降低期待值。5、请提前上厕所。6、记得关手机。7、一定要去影院，因为影院也是个造梦机器。8、记得听完结尾音乐。因为它负责让你醒来。9、极可能是近几年你在影院看过最精彩的电影。10、穿越吧少年
         一部电影好看到即使你明白它在故弄玄虚也是义无反顾的打五星。
         植入意识不向来是我泱泱大国的长项么？
         我的陀螺停不下来了。
         一直在牛逼，从未被超越。只有Nolan才能达到这种境界！！！
         前期的口碑营销确实有点儿过了，绝对还没有达到神作的级别，但依旧是近年来最好的影片，诺兰独有的叙事技巧视觉风格以及影像语言都被完美的贯彻其中，其遵循并热爱的怀古之风从人物造型，台词蔓延到拍摄手法以及特效制作上，不过正因为如此，一些动作戏上的处理还有视觉奇观的展现则还不是那么过瘾。
         《奠基》是一部复杂精致并绝对精彩好看的电影，他让你在片尾字幕出现时完全反应不过来之前的两个半小时发生了什么，就像一场梦境一样让你匪夷所思却又流连忘返。
         “既然做梦，就做大点” 这句太深得人心了。——2010年最天才的电影。“谁又能说，现实不是梦境。” Do you remember how you got here?
         Nolan给了我们一场无法盗取的梦。
         这电影看完就开始怀疑人生了，类似的还有《蝴蝶效应》《骇客帝国》《心慌方》《无姓之人》《攻壳机动队》《楚门的世界》等等……其实我突然觉得这一类题材影片的鼻祖明明就是动画片《魔方大厦》啊，郑渊洁威武。
         我还能说什么呢 出影院第一件事就是拿iphone 上豆瓣 至少5颗星啊 第156个评分的 哈哈哈哈 一直要用心用脑看的电影 内容很严谨 逻辑性强 非常好看 等高人仔细分析。。 又去影院 看了一遍 很爽 很抖擞
         Christopher Nolan是天才!
         一部影迷一定不要错过的电影，就像帝国杂志说的，这部影片就像是《黑客帝国》加上《纽约提喻法》，反物理学的探讨、精彩的动作场面、具有冲击力的情感、以及莱昂纳多令人吃惊的表演，都让人沉迷不已，这是诺兰电影的一个全新领域。
         列奥纳多干完这票肯定是要去Shutter Island修养一阵了。
         诺兰+莱昂纳多的电影，我无话可说！
         迷离失所，戏假情真！
         概念不算新鲜但还不错 ;p 充斥许多漂亮的慢动作镜头和带点匪夷所思的建筑构想，视觉效果挺棒的！偶尔会令我想起Paprika……
         就那么一个创意，被大家吹得玄而又玄。片中充斥着毫无意义的枪战。看的过程中惟一的惊喜就是CCTV了。
        "
机器人总动员,2131459,9.3,https://movie.douban.com/subject/2131459/," 这个世界上最好的动画片
         这是一只安卓和苹果的故事么。。
         把所有的好东西都给eva
         乡下文艺小伙儿追求都市女精英的故事……以及……
         我看哭了。。。
         很久没看过这么可爱的动画片了。瓦力什么都不会说，除了那一声声执拗的：Eve！他们在星空画出美丽的弧线，他们无意间守候了一份真正的爱情。
         没有引进真是太遗憾了。
         再也没有比《瓦力》更美的动画片了！谈到Wall·E的来源，导演安德鲁·斯坦顿否认了“ET”或者“霹雳五号”的说法（尽管外形很像），他只承认自己创造Wall·E受到了“小台灯”（Luxo）、双筒望远镜、R2-D2、迪士尼乐园“星空之旅”的机器人、卓别林以及伍迪·艾伦的影响。
         人类在这个片子里面是处于完全被嘲笑的位置。（其实应该说美国人？）片中的超大型连锁企业BNL在未来已经统一了所有的商业领域。而人类堕落成完全依靠电脑的帮助才能吃喝拉撒的胖子们。而且从小就接受电脑的教育要消费消费再快点消费。这个世界虽然没有Matrix的灰暗，但是其实相差不远。好在人类并非丧失了本性，只是“遗忘”了而已。而Wall E和Eva的出现就提醒了他们还有一个“家”，虽然已经满目疮痍，在等待着他们的回归。
         陈奕迅都为你唱歌了
         准备看第二遍
         小瓦力，大人生
         地球上最后一個收納歸類狂walle應該是巨蟹座吧。。
         機器人談戀愛也避免不了男女搭配的窠臼(叫Eva倒有夠諷刺)，就更不用説亙古不變的雙眼雙手擬人造型...人類的想象力其實很貧瘠
         清纯乡下少男与前卫暴力冰美人的爱情故事啊～xixi
         Just need someone who will look after you
         牵手
         一股脑儿的五星？
         有那么一丝感人，但在皮克斯里不算最精彩的，是属于那种背景深刻剧情简单的片子。但是豆瓣咋能有那么高的分- -。
         堪称完美的动画作品。
        "
海上钢琴师,1292001,9.2,https://movie.douban.com/subject/1292001/," 侮辱钢琴，侮辱智商。
         纯傻逼！！！多稳妥的故事让伪善者托纳托雷拍成了纯傻逼！！！多少细节都散发着矫揉造作的腥臭！！金玉其外肚子里就是一包草，如果弹得越快就越牛逼，那还要肖邦作甚？
         如果我把吉他练熟了，就可以不用买打火机啦
         某一天我突然明白，他不能离开的不是那艘船，而是那片养育他的精神家园……而我就是这样发现我离不开我深爱的北京……
         我总觉得这是一个真实的故事，因为他的懦弱，懦弱得真实。
         每个人的心里都有自己的一艘船 一个近乎偏执的小归宿 只是因为它让我们感到实实在在的安全 不致无枝可依。
         不喜欢，没共鸣。
         给大众看的艺术家电影，很多煽情与细述很不必要，但是很多人喜欢
         也就音乐还算可以，Tim Roth太猥琐，不适合演这种文绉绉的角色
         最喜欢的电影，喜欢，不是之一，而是唯一 
         又是一定该看的，只在自己的世界里坚持自己的人．哪怕生命就这样消逝．只留下一点声音的碎片，１９００，也许我们都一样害怕脚踏实地的生活，害怕乌烟瘴气的世界．
         giuseppe tornatore的三部曲之一------陆地？陆地对我来说是一艘太大的船，太漂亮的女人，太长的旅程，太浓烈的香水，无从着手的音乐。我永远无法走下这艘船，这样的话，我宁可舍弃我的生命。毕竟，我从来没有为任何人存在过，不是么？
         海上乌托邦
         这么多年我还是没有看完这部高分片……从一开始的故事带出演员表演方式我就知道不是我的菜 越往下看越觉得有些刻意矫情 导演的人生哲学暂且不提 单说讲故事的方式 就像小学生作文一样刻意 那种流于表面的情感根本无法吸引我 更别说被打动了。
         不伦不类
         一个人到底需要多大的世界呢？
         令人感动的宅男，让我想起了树上的男爵
         我想有些东西只是能在特定的环境下生长。当环境变了，其他的一切都会变。
         疯子电影 一根筋
         1900，不特别的特别存在着。
        "
三傻大闹宝莱坞,3793023,9.1,https://movie.douban.com/subject/3793023/," 可以打6星吗！
         看了这部电影是我2010年最幸运的一件事 力荐！
         有点矫情 情节拖沓 三个人不断的掉泪掉泪掉泪 男猪脚大段大段的直白说教 说教 说教 把反面人物搞的完全平面与呆板 如果里面不是印度人 换成中国人 恐怕分数不会超过8分 豆瓣就是这样 
         这几个月来看过的最好的片——”做自己“，也许才是人生终极的成功。别总嘲笑印度人”阿三“，他们已经追上来了，无论经济、科技还是我们一贯认为只会跳舞唱歌的宝莱坞电影。盛赞！5+1星！
         当你不断追求卓越，成功就会不知不觉追赶你。害怕明天，怎能过好今天呢？心很脆弱，我们要学会哄它。鸡不会知道蛋的前程。学习是为了完善人生，而非享乐人生。只为生命而感激。朋友失败，你难过，朋友成功，你更难过。一切顺利。
         【温馨提示：请忽略这傻逼名字.不然你会错过一部好电影】1、病毒的鸟巢飞来了一只自由之鸟；2、Ta有没有告诉你,朋友就是给你一枚硬币教你自己独立做出选择的那个人.这个人才是你最大的财富 ：）
         受不了了三个小时！！！墨迹的必须快进
         太给力了，有史以来最励志的电影。
         一部讽刺社会现象的电影都可以拍的这么轻松，喜剧里还可以有这么多闪光的慧言慧语。情节确实太过随意，下一秒的夸张总是来的让人啼笑皆非，无可奈何中却仍旧乐呵呵的接着看下去。 末了的那段风光让我无比钟情！★★★★★
         对于“韩寒一样的印度电影”，我表示鸭梨很大。这电影不建议看
         活在当下，不记得失，以无为之心做有为之事，你收获的会是比物质更珍贵永恒的生命体验。
         本年度最烂的片。。。被严重欺骗
         如果有一天你变成了奇怪的家伙，生活于恐惧和虚假之中，就念重生的咒语“All is well”，狠狠地给这个世界一脚！对鼓励别样人生价值和给人梦想的片子我是举双手赞成，何况从头到尾都拍得这么欢乐。台词：“朋友是男人最大的胸部”、“你这么害怕明天，又怎么能过好今天”。
         阿米尔·汗你是个天才！！！
         很棒的印度电影，这当中一样的可以看到中印相似的教育体制与贫富阶层问题。轻松、暴笑、热泪中感受积极人生的力量。梦想与事业，做我们喜欢的事情，是成就的不变真理。
         该片的中文翻译太烂了，差点就错过欣赏一部好作品了。
兰彻一直在给大家灌输的一种理念就是：简单生活，遵从心声，为自己而活。 
的确，他让朋友们重新认识了自己和所要坚定的方向。
很喜欢片尾的那片湖泊，不知道是在哪里呢？
         恶俗 平庸 无病呻吟。男主角表情非常贱，地球上的星星里面恶心了我一次，现在又恶心我一次。  
         第一次完整看完一部印度片。中国不如。
         really for idiots..
         它又吵又闹、又臭又长，但我想不出什么理由不给它五颗星。
        "
忠犬八公的故事,3011091,9.2,https://movie.douban.com/subject/3011091/," 被狗狗的一往情深击倒，和老公两个哭得稀里哗啦。今天抱着家里的狗亲了一天。
         Hachi就是爱一个人过一生了。
         这真是漫长的一生啊，八公。
         你要养狗,就不能当它是guest,十年可是一只狗的一辈子
         这是我所看过的关于狗狗电影最感人的一部，我想它的成功之处就在于将重点正确放至在了对Hachi内心的刻画上，而没有像其他一些影片文不对题，偏偏喜欢渲染一些多余人物的情感，很显然，主题对了，观影者自然而然会买单。
         动物是我的死穴...从头哭到尾..
         “永远都不能忘记你所爱的人” 狗尚如此，人何以堪？5星给动情的真实故事。
         哭死啦...想去涉谷看看那尊雕像...by the way,那个帅老头我好喜欢...!!!
         八公的主人，也在天堂的门口等了它很久吧。
         纸巾抽到还剩最后一张
         豆瓣影迷的品位就这样，一遇到催泪和卖萌，评分就失控了。对于忠犬八公的故事早有耳闻，看着美版的改编，其实没什么亮点，模式化的重述了一遍故事而已，比如那个树叶变绿变黄飘落的镜头，我汗了。看着忠诚的狗狗等了主人一辈子，催泪彻底让人失去理智了，大家都被自己感动了。★★★
         催泪大片，排毒良品，超憨的秋田犬，还有久违的理查基尔兄
         “等有一天它会给你捡球的时候，一定有什么特殊的理由” 八公用这种方式来告别了他的主人....
         天呐我从后半段开始一直在哭 为什么面对这么居心不良的赚眼泪煽情电影我还是被套牢了！我马上要给我家小羊皮一个热烈的大拥抱！！！
         这次不是拉布拉多，不是金毛，是默默无闻的秋田犬~在电影的最后部分我哭的稀里哗啦，意气风发的八公老了，脏了，以前不怎么喜欢他的女主人抱着它感动的流泪，大雪纷飞的夜里因为有火车来了八公又在等，似乎是回光返照般的看见男主人一如从前那样从火车站里走出来张开双臂要拥抱他~其实狗狗什么都知道
         想起回家的出租车上的广播，一对老夫妇丢失了狗狗寝食难安不知道该怎么生活，他们女儿在广播里说抱了狗的人，你们要是卖我们再买回来。尤其是她妈妈现在整个人都吃不下饭了，他们年纪大了，狗狗就是他们的生活寄托啊。【我已经使劲克制自己不哭了，但还是不行。】
         ....明早眼睛又肿了
         你和我在一起两年，你走之后，我剩下的人生都留给你了。。。
         这只秋田犬演是演得真好，不过总让我有种看日本纯爱片的错觉。。。
         哭死我了~~~~（>_<)~~~~ 
        "
放牛班的春天,1291549,9.2,https://movie.douban.com/subject/1291549/," 纸飞机+挥动的小手——那一刻，什么都值了
         那漫天飘扬的纸飞机是我对你最诚挚的敬意。
         一个孩子在启蒙时期，能够遇到一位好的老师，真的是一件非常幸运的事情。
         莫翰奇每一次独唱我都热泪盈眶.
         不知道为什么，没多大感触。
         体育和音乐是促进国家团结的要素。可是俺都不会哈哈。
         这是一次心灵的洗礼，没人生本向恶，只是无情的手把人推向了无尽的深渊。Morhange每一次天使般的独唱，总让我感动的浑身直起鸡皮疙瘩，特别是那纸飞机从窗口飞出，“感谢、再见”的小手一挥，那份感动，不言而喻。而最重要的，看这部电影不仅是好“看”，天籁的童声更是听觉的享受。★★★★☆
         不知为何描写师生情的电影总能赢得人们更多的赞誉，每当片中即将产生一些不可调和的矛盾时，总会有一个“坏人”忽然间良心发现，或者是出现一个意外事件，从而让矛盾很轻易就化解了。一切都来得太过戏剧性，很机缘巧合，却实在是很假很突兀，无法让人信服~~
         看到激动的直起鸡皮疙瘩，看来总有那么一种类型的东西能感动本人
         男孩的声音真是好听……
         歌真好听，为什么我上学内会儿参加合唱队唱的都是《黄河大合唱》之类的
         马修先生好可爱。
         星期六，贝贝抱着小熊跟马修老师回家了！QwQ
         被那些孩子们所感动。天籁一般的童声，定是最接近上帝的存在。
         每一个孩子都是天使！
         看开头第一眼我就知道我喜欢。从来没有教不好的学生只有不会教的老师。人与人之间的交流是用心的，在我看着你的眼睛的时候我知道你是真心为我着想的，所以我才愿意选择相信。就这样。看一部好电影的感觉像是给心灵洗了一个热水澡。从里到晚都会感觉到清澈的感觉。
         一日为师 终生为父
         音乐感人
         =口=还有漂亮的小正太们哟,很棒的电影,我在电影院看的。
         音乐真好听。
        "
大话西游之大圣娶亲,1292213,9.1,https://movie.douban.com/subject/1292213/," 一切的闹闹哄哄，只是他在水帘洞躲避风沙那晚做的一个梦。
         无论是看第三十遍，还是第三十一遍，我都会对着那个寂寥的背影流泪。那落寞的大圣身上烙印着我青春时所有梦想，我们曾以为自己会成为盖世英雄，以为自己是这个世界的唯一，以为爱情专为自己存在，可是渐渐发现自己和别人没有什么不同，当你踏上社会时，总会有人看着你的背影说：看，他好像条狗啊！
         一遍烂，两遍笑，三遍哭
         为什么越看越觉得悲伤
         有人跟我比赛背台词么
         经历过和正在经历着悟空式的命运和紫霞式的爱情，才发现生命的本质是以最低的姿态出现的。英雄？你为什么不问问做英雄的代价？  
“想不到经过这五百年，我要找到并不是她，而是你。”人生际遇真是难以言喻。
         我猜中了开头，却猜不到这结局。/ 20141024 在影院哭死
         一生所爱：我的意中人是个盖世英雄，有一天他会穿着金盔金甲，踩着七色的云彩来娶我。我猜中了前头，可是我猜不着这结局…… 
         任何时候任何场合都可以再看一遍的电影
         紫霞飘向太阳时、齐天大圣离开城门时，都哭成了傻逼。有多庆幸能踩着五彩祥云做你的盖世英雄，就有多遗憾没办法与你守护终身。喜欢的是五百年前的晶晶、还是给了自己三颗痣的紫霞；喜欢无拘无束敢爱敢恨的至尊宝、还是套上紧箍咒背影像狗的孙悟空？爱的命题究竟太空泛，恐怕还是要交给月光宝盒。
         25-30岁待业青年的精神寄托
         小时候看着笑，长大了看着哭。
         看了不下20遍，彻底看伤了。
         其实很伤感
         我想，应该不用说什么才对。
         哈哈,也是我最喜欢的电影之一了.看过好几次,第一次看笑得半死,后来居然又看哭了.其实可以喜欢到不太想得起来.但是是值得永远收藏的.
         请收藏粤语版。「2010」：1218，这么多年后重看，居然还是湿了。【2014】终于在大荧幕上看了。虽然是普通话。经得起这么多次的反刍，可以确认是经典了。想起东邪西毒重演时提前离场的对比，简直。
         因为你还没有遇到给你三颗痣的人
         我对周星驰的片子完全免疫=。=
         大话西游成就了一个时代.这句话一点也没错.不管是好的方面还是不好的方面.|人试图化身为天地，这本身就是一种不自量力。
        "
教父,1291841,9.2,https://movie.douban.com/subject/1291841/," to所有男生：别想太多。你们都不是马龙白兰度，不是阿尔帕西诺。
         男人。
千万不要记恨你的对手，这样会让你失去理智。
         ""Because a man who doesn't spend time with his family can never be a real man.""
         敢像我这样打1颗星的没几个人吧，剧情为零，故事性为零，脸谱化的表演，无聊冗长的流水账，连电影都算不上，凭什么稳坐第一，凭什么比《美国往事》还高分，suck！！！PS：打5分的都是瞎跟风的脑残，不停的收到骂街和恐吓的豆油，恰恰证明了教父粉其实是一种邪教组织，《教父》就是电影史上最大的谎言。
         2010-02-17 看过。对权力有清醒的认识才能写出这样的剧本（无怪美国是相对最民主的国家之一）。政治是人类最高智慧表现形式之一，与艺术、科学并立。（只知道引用台词或把此片当作所谓“男人圣经”的观众退散！）
         只能说，我欣赏不了
         完了，不喜欢这个电影一定是我自己有问题，不必安慰我。
         科波拉自己讲了，当初实在是经费有限才拍得这副闷骚样，每场戏都很来劲，但技术上决定了表现力欠奉，七万多人五星率这么高，只能说明豆儿上装逼的太多太多
         讲述的是一个好孩子怎么变成老大的过程
         无感。
         睡著了。。。
         当一个新生儿在教堂接受教父的洗礼时，教堂之外的死亡正在蔓延……
         09年4月30号看过。当时给了两颗星评价为看不进去。今天又看了一遍， 看的格外喜欢，格外佩服。人是会变的，和生活经历有关吧
         平缓的节奏蕴藏着巨大的权威和张力，音乐舒缓淡淡忧伤，利益博弈人性冲突。无论是演技还是镜头、音乐的运用，都给人以一种美的享受。而看这部电影是极其需要沉下心来细细品味，也无论何时翻出来重温都能有新的感受。★★★★☆
         男性电影，没有打动我
         这男人。。。牛逼又孤独吧。。
         无论阿尔帕西诺多卖力，教父也只有一个，那就是永远的马龙白兰度。时代不一样，要走的路不一样，所以那个黄金时代，讲义气重家庭谈承诺的时代，永远回不去了。
         看多少遍都不厌
         这是唯一一部值得5星的
         OK 很man不是我的菜 
        "
龙猫,1291560,9.1,https://movie.douban.com/subject/1291560/," 那音乐壮丽的响起的时候，觉得心里被一种温暖充满，然后实在控制不住眼泪了，不是因为伤心，而是因为，它给人的感觉，实在美好到无法表达了．
         龙猫，好烂漫的幻想。
消失的乡下风景、慈祥的爷爷奶奶、嬉笑追逐的儿时玩伴，是童年最纯真美好的回忆。
         原来龙猫的戏份这么少啊。
         如果你在下雨天的车站，遇到被淋湿的妖怪，请把雨伞借给它，你会得到森林的通行证哦
         人人心中都有个龙猫，童年就永远不会消失，爱是最美的拥有～

★★★★★
         这个情节也太简单点了吧……
         日本的动画总是能触碰心灵和温情
         萌啊，给我一只龙猫吧
         摸摸龙猫的鼻子胡须就会颤动起来哦=w=……看见斜眼偷瞄逃跑的小白一定要跟上去！ 童话总是在相信它的人心中真实的存在着，想起来的时候心中就会充满温暖守护的力量
         简单奇妙的故事、可爱的人物造型，除此，没有太多打动人心的地方。日本动画除了细腻，它的幽默、故事、技术等精彩程度还是难及皮克斯的。
         有童心是多么的重要啊！！！！！！！
         我好像看到小月和小梅坐在那棵松树上对我们笑。“搞不好真是她们呢。”
         很温暖的片，喜欢龙猫，那个可爱的、带给人安全感的动物。
         大老虎巴士最可爱。。。
         宫崎骏最感人的一部，初看平平无奇，回味一下痛彻肺腑。
         喜欢毛茸茸的龙猫。
         如果电影里的主要角色有一个吵吵闹闹又哭哭唧唧的小女孩，我的第一感想就是上去抽她两个大嘴巴子，童心必然已经坏死。
         我要告诉你，纯真是一种财富。


         我也想要个龙猫当宠物，公交车好可爱。
         可爱的小龙猫。我也想要有只瓦。
        "
乱世佳人,1300267,9.2,https://movie.douban.com/subject/1300267/," 请上帝保佑那个真正爱你的人吧，你把他的心都揉碎了。
         也许每个女孩子心中都有一个艾希礼，只有经过时光才发现真爱原来是班瑞德。
         一定要看啊,我喜欢斯加丽那种几乎有点蛮横的可爱感觉.甚至可以为了达到目的不责手段,要么爱她,要么讨厌她.她在贫瘠的大地上拿着一根萝卜说(这个,好象很搞笑)""我对上帝发誓,我再也不要挨饿!""我爱上她了!
         整整4、5个小时啊，看到我中途昏死了过去。郝思嘉最后的那句“tomorrow is another day”鼓励了多少脑残志坚的女性呀！（包括我在内）
         那么早期的电影居然到现在也看不出瑕疵，太崇拜那个导演了。
         至今记得亚特兰大的战火中她奔走的背影，裙裾摆动。她的野性和骄傲，坚强与倔强，不甘弱示或屈服，瑞德与她是相似的。如果瑞德爱上的不是郝思嘉，一定不会掉进那个自掘的陷阱里。对于郝思嘉佩服之极，对于瑞德，感动了，且唏嘘而惋惜。
         战争部分好无聊。。我觉得斯佳丽这个女人脑子有问题。。。费雯丽和盖博的对手戏，只有吵架的部分好看。他们还是比较适合掐架，含情脉脉的场景很别扭
         Tomorrow is another day. 又一句该死的经典台词。
         Clark Gable你真是每一个女人都会梦想得到的男人
         永远的经典，永不被打倒的勇气。
         看完斯嘉丽那么瘦小的身躯，却承受着那么大的压力，都能顶的住。真的感觉不到什么叫困难了，第二天去考试奇迹般的过了。。
         我不说。什么都不说。
         艾希礼的年龄和长相确实是个问题，我怀疑盖博当初签合同的时候是不是要求所有男演员都必须找比他难看的
         這麽有名的片子，我今天才看。那時的彩色技術就那麽棒了？！！ / 你們都喜歡Scarlett和Rhett，我卻只喜歡Melanie和Ashley。
         做作得不行，民国老太婆最爱
         记得费文丽那么漂亮
         永远的银幕经典.再说了,乱世佳人是我最爱看的书.
         每年都会拿出一天来重温的电影。
         将近４个钟头却还是让人意犹未尽．淋漓尽致了～
         喜欢的很看到費為例吃著乾癟的胡蘿蔔,發誓的時候我決堤了,以後每當看到那裡的時候都會哭
        "
楚门的世界,1292064,9.0,https://movie.douban.com/subject/1292064/," “如果再也不能见到你，祝你早安，午安，晚安。”
         口语课看的片子 给几个J8屁话多无知又无趣的男人女人毁了。 最后看得哭了 特别是摸到墙的那一刻。而J8傻逼女人竟然笑了 我哭的更伤心了。
         我是不是也在楚门的世界活着？
         他用别人的相片拼凑出她的样子， 在这个虚假的，冷漠无情的世界里只有这份思念是唯一的真实
         每个人都向往自由而不仅仅是安定
         那个导演好恶心，那群观众更恶心，反乌托邦就是要反这班偷窥成狂的上帝。自由的意志是不能任人摆布的，如果我是楚门，但愿你永远不要让我发现真相，不然我将诅咒你们所有人——FUCK OFF, SCREW YOU ALL!
         Good morning, and in case I don't see ya, good afternoon, good evening, and good night!

         原来植入广告那都是人家美国人玩剩下的玩意儿……
         看的时候甚至有种绝望的情绪，这个世界有时就是这么的令人无助
         其实电影本身编得并不算十分出色，照顾到了一些细节，但破绽也浑身上下都是。不过，在乎的不是这个故事编得如何，而是这个idea，让人不由环视一下自己的周遭。以前在科幻世界上也看过类似的桥段，有关地球仪的。
         楚门应该对那个傻叉导演说：操你大爷的！！！！！！！！！！
         要想阻挡我 只有杀我
         就算是已经完全知道剧情走向也还是被震撼被感动。就算你能摄影我的一切也无法在我脑内安装摄影机。
         年轻时候的金凯瑞真TMD 帅。尤其一头柔顺的头发。
         我们的生活又何尝不是在周遭的监视下,只是缺少一个摄影棚和一大堆摄像机罢了!!
         换句话说，他的生活就是真实的生活，如果什么也没出现什么也没发现。再换句话说，所有的配角被迫清醒地站在这个虚拟的边缘，吃喝拉撒24小时待命，意识到此刻的高潮被以亿计算的人类消费着，除此之外生活的区别只是没有摄像头对着，不用去区分真或假。精神病和真实一线之隔。坚持到底你就赢了。
         打开这道门，即便现实再最肮脏也请让我自己感受！关掉你的镜头，即使现实再无奈你也必须自己体验！
         比被世界遗弃更可怕
         我不要，永远不要被操控。
         不止一次的怀疑所有人都在演戏，而我却蒙在鼓里
        "
天堂电影院,1291828,9.1,https://movie.douban.com/subject/1291828/," 如此美丽，如此悲伤。那些吻戏，那些青春，都在影院的黑暗里被泪水冲刷得无比清晰。
         看来我要少看电影了，我的人生才是我经营的重点，电影终究只是电影啊~~
         生活和电影不一样，生活比电影难多了。
         对我而言本片配乐、剧情、演员什么都好，可就是缺了那么一点冲击力，套用安妮的话说：就好像期待着一场海啸，结果海水只拍上了岩石。
         观众在电影院什么事都干
         没有结尾的热吻，这部片子就只能是还行
         《天堂电影院》是每个人的童年，每个人的家乡，每个人的初恋，是最后绵绵长长一直伴随到死，渗透到了血液里灵魂里的记忆和感觉。
         出去闯荡吧，永远不要回来，不要打电话，不要写信。我不要在这里跟你谈话，我要听别人谈论你。。。
         接吻镜头剪辑的那段最美
         几个亮点：电影院题材；缘分错过后重逢。都是很不容易的题材。恐怖电影，电影院里所有人都捂住了双眼，只有一个男人无所谓地瞪大双眼看，转过头去，楼上也有一个面无惧色的女人在对着他笑。一切停止在此时。

         和女主角的感情结尾部分相当拖沓，简直罪大恶极。
         真好的一部片子，关于忘年交，关于青春，关于爱情，关于真诚。三十年的时间，你会习惯多少事情而又忘了当初那些感动。当天堂电影院倒塌的一瞬间，脑中残留的画面想起了阿尔弗雷多的那句话：当你在这里待久了，你会以为这里就是世界的中心，你要离开这里。对未来的信仰和憧憬。结尾的吻戏剪辑真赞！
         无聊且伪善。
         是的，一场伟大的失恋。
         如果一个导演把夸张的煽情、低劣的催泪伎俩和投机主义的手腕儿附加在最纯粹的对电影热爱、理想和情怀上，那这无异于出卖灵魂。
         感人，但平淡。
         电影与电影..影史上双重的“最为感人”
         因为我也当过放映员，深有感悟……我们每个人都是小托托、每个人都希望自己的儿子也叫小托托、就连爷爷奶奶们也都希望有个小托托样的孙子……
         终于补完托纳多雷的时空三部曲，托氏的影像技法真是完美的令人叫绝，以至于总能掩盖情节上那些荒唐到有违人性本源的价值观缺陷，这真是电影魔术的最高境界，用尽极富感染力的手段，能叫观众无视长年累月积累的普世观念，扭曲理智，被人造情绪笼络。天才导演要煽动些什么，总是易如反掌。
         回忆就是因为回不去才可爱，才可贵。错过多年以后let go的坦然有时比悲情的执着更能予脑海留香
        "
当幸福来敲门,1849031,8.9,https://movie.douban.com/subject/1849031/," 如果能让自己不再为光阴被虚度，才华被耗尽而流泪，如果能让自己坚定，“我不要似是而非的人生，我要自己做的每一件事都刻骨铭心”，那么这场狂热便是得其所，记住这永远不是最差的人生。
         看到开头就知道结局，不过这并不重要，重要的是过程。。。最感人的不是赢得职位，而是在厕所里捂住儿子的耳朵。。。作为一名容易感情用事的中国观众，感动比励志对我来说更重要=。=
         不太喜欢里面说的有钱了代表幸福了，它的穷困与之后富有，只能说是不用为了钱奔波而已
         There is no ""why""　in happiness, there is an ""I""
里面立志的桥段很多，比如说打篮球时候威尔对他儿子说的话.这是中国父母需要学到的...尽可能地给孩子一个美好的世界.
         我一直记得，有人对我说：当你迈过这个坎之后，你会发现，还会有什么不可以面对的困难。
         睡在厕所的父子，有人被尿憋死在门外～哎～
         为毛不去天桥上乞讨？为毛不去地铁里乞讨？在我们这儿是这么办的。
         结论是我们只爱看光鲜的中产阶级励志片而非底层人民奋斗史啊
         有点失望...感觉是为了励志而励志......要不是导演和演员功力，就沦落成俗套励志片了......
         不是幸福来敲门，而是死皮赖脸敲幸福家的门，直到幸福来开门
         孩子母亲颤抖着说你会照顾好他；
装扮成时光机器来安抚孩子，子夜洗手间中独自哭泣；
“你是个好爸爸”，孩子说。
看电影的时候，我的手经常不自觉的紧握着，为那揪心的困窘。
幸福在这里敲门了，可是那些没有被敲门的人呢？
         嫌假了点
         生活时常会让我们感到艰辛，并会让我们无数次目睹生命在各种重压下的扭曲与变形。——《生命不可承受之轻》
         失业时候看的,简直是催泪弹,WILL的儿子将来一定是块料,奥斯卡上看他跟小美女打闹,忒逗.
         能看进去 典型的美式节奏 感动？米有
         除了幸福 什么都能放弃 一定要幸福 和自己喜欢的人在一起 做自己喜欢的事
         我要茁壮成长，我要健康快乐，我要好好的活。我就喜欢看到别人快乐的生活，也希望自己如此。
         这部电影让我对史密斯的好感度直降。。。。
         总会找到一个上帝，端坐天堂。
         虽然是个好莱坞励志片，但真正让我感慨的其实是，穷人想要翻身，真是太难太难了，他们大多数不是不努力工作，但确实是一根绳子勒在脖子上，压根没有喘息的机会，而且他们的孩子从出生下来就没有，毕竟不是每个穷人家的孩子，都足够幸运能有这么顽强，比别人聪明十倍的爸爸啊。
        "
触不可及,6786002,9.1,https://movie.douban.com/subject/6786002/," 又一次被豆瓣评分严重欺骗了。。。你们是如何被感动的，我深表好奇
         音乐真棒，看到最后有些意犹未尽。很舒服的电影，故事有趣又会带些感动。两个完全不同世界的人，因为教育、知识、习惯等各种不同造成情节冲突及笑料；而彼此的影响和同化则是感动的部分。对于菲利普来说，有时需要的未必是小心翼翼的服侍，而是像对待普通人一样的无歧视对待。
         我想每个人都至少有这么一个挚友，你和他/她在人生的拐点遇到，惊叹于彼此的不同或者相似，有过不少平淡无奇却值得纪念的时光，ta会将心比心，为你的哀伤扼腕，为你的快慰击节，更会在ta的心里，为你留下那么一块永恒的位置，任白云苍狗，风云变幻。 
         感动个屌
         5.0。年度十佳！高潮在别处！①艺术是人们来到这世界后所留下的唯一痕迹。②我的耳朵硬了。③斯芬克斯特质及柏拉图爱情。④幽灵痛症：就像冰冻牛排被扔进热锅中。⑤航拍式行车同《深海长眠》飞升梦境。⑥刮胡子：东正教-达利-希特勒。PS：锡兰“乌扎克”情韵，调以法式高雅，进而刷新了拍档片格调。
         开怀大笑一整场，最后却蓦然飙泪。身份、地位、财富、性格、教养、爱好、年龄，各方面皆如此悬殊的两人，磁场却契合完美。无论爱情友情，所谓好的、有爱的关系，是两个人都在关系里感到开心融合、自由释放、并因而成长。什么是灵魂伴侣？这，就是传说中的，灵魂伴侣。
         关于5星电影我只能说：现在的豆瓣影评从营销、炒作、不要脸的枪手简直是一条龙服务了！！！
         毫不基情的友情片！
         去年的法国票房冠军，来自于一个真实故事的改编。少有的不刻意煽情，原声很棒，一个老套的故事竟能讲的如此有趣，还总能时不时惹人发笑，让人感动。最后字幕拉起时，仍在回味并享受那种喋喋不休与法式优雅情怀。有时，也许你给我的，是所有人都无法触及到的。★★★★
         今年看的第二部佳片。茫茫人海，两个截然不同的人相遇，你改变了我，我改变了你，相逢的人会再相逢。关于社会的贫富差距、青少年犯罪、种族歧视这些虽没有明说却在暗中映射，以此来烘托角色。富豪有钱却残疾不快乐，黑人贫穷却有一颗善良乐观的心。ps:Ludovico Einaudi的配乐很加分！
         原声实在是棒！两个演员都很精彩 完全是笑声和泪水齐飞的电影！！！
                
                
 对残障人士最大的尊重，就是不要把他们当做残障人士。尊重比爱和同情心更高等级
         轻松诙谐，很有趣的搭档故事。但叙事浮于表面，人物塑造脸谱化，故事缺乏真实感（尽管是据真事改编）。弗朗索瓦·克鲁塞和奥玛·赛的表演动人，但受剧本限制人物缺乏层次。过分中正的温情。3.5星。
         某个人在不经意间走进你的生活，他和你不同阶层，不完美，甚至有不少讨人厌的毛病，但是长期的相互信任和理解成就了一段真挚友情，也给两个人的生活都带来了阳光。把德瑞斯的原型改成黑人使对比更强烈情节更戏剧化，也让这段超越种族的友情更感人。影片里乘着滑翔伞在山谷中翱翔那幕太美了……
         高雅喜剧，黑与白分别代表两种被法国社会所孤立的特殊群体，他们相互嘲讽，是用法国社会的嘲讽来引领观众对使角色的认同；他们相互扶持，融为一体并重新融入社会。通过片尾我们了解到原型是白人，片中改为黑人一是能够起到对角色的随性化处理；二是对于第三第四代非裔法国人渴望融入社会的渴望。
         就像Ludovico Einaudi的钢琴配乐，古典，氛围，轻易就可以打动人心，我对于此人的印象，还停留在【这就是英格兰】电影原声阶段。欢乐和温情并存的法式温情喜剧，台词很精准，刻画人物的同时还让人捧腹，力道精准，火候尚佳，这应该就是点到即止的魅力！高雅和喜剧细胞还真不是随便就能学来的。★★★★
         其实是一份无甚惊喜的叙事和感动。
         但你们真的好容易被感动哦。
         黑&白，老&少，超越种族和阶级的友情，感人至深的温情，细腻动人的剧情，以及极赞的电影配乐，不禁让人想再次回味...
         看预告片还觉得这么老套。没想到这是我第一次在法国看到数次笑出声的电影，第一次全场满座我买到最后一张票的电影，第一次看带字幕的法语电影(聋人专场)，没想到摄影如此唯美合我胃口，没想到难舍基情如此动人。你们懂的。尤其是最后换谁都不要的那段，简直了。PS:白人男主角像张国立。
        "
搏击俱乐部,1292000,9.0,https://movie.douban.com/subject/1292000/,
十二怒汉,1293182,9.3,https://movie.douban.com/subject/1293182/," 这种麻烦事在我们伟大祖国就绝对不会发生
         转最高人民法院学习
         其意义不在于“无罪”的结果，而在于整个辩论过程，那是关于人类和世界的哲学大命题，借助12陪审团之辩，对个人和集体，个人和社会，真相和怀疑，等级和尊严，意见和理解，理性和情绪，坚持和盲从，法律和良心，激情和冷静，大胆假设和小心求证等命题，进行交流和探讨，那是火花四溅的碰撞，直指人心。
         情节展开的不错，但是戴维斯主张的部分都只是模棱两可的推测，实际上挨个求证这些东西之后，孩子有可能是凶手，也有可能不是。只是控方的初期工作没有做好，辩方的交叉质询没有做好，案子应该重新调查，而不是简单的判决无罪。
         知道这是一部牛片，只是没想到居然这么牛。
         “我们会来这里，不是来吵架的。我们肩负着重责大任。我一直觉得这就是民主社会的优点。我们收到信，被通知要来这里，决定一个跟我们素昧平生的人到底有没有罪，不论做出什么样的判决，我们都拿不到好处，也没有损失，那就是我们的国家能这么强大的原因。”精采！剧本、导演、演员个个出色★★★★★ 
         偏见，合理的怀疑。任何时候都要保持怀疑的能力。最后，当意见终于统一，每个人默默地穿上外套，离开，桌子上是刚刚一个半小时内发生的巨大震荡留下的痕迹，烟灰缸，纸团，凌乱的纸张，笔，还有那把刀。经过这些震荡后的十二个男人，不管之前是多么的抱着偏见不放，此刻都闪着光。这是人类进步的光芒。
         天哪，理性和说服力的力量，以及美国人对生命的尊重，这在中国难道是可以想象的吗？
         精湛的表演，恰到好处的对话与矛盾设计。
         罗生门，只有阐释，没有真相
         民主、人性、理智、原则。合理怀疑。
         意见领袖在电影中的上佳诠释
         一个人在与11个人持对立观点的情况下如何一一说服众人并反败为胜！
         除开日出日落外，又一部以对话为主的电影。有张力，也有法律的基础常识、以及如何说服人和群体决策等要素。
         人是说谎者，人是连自己也会欺骗的说谎者。因为冷漠，成见，因为麻木，可笑的自尊，或者甚至不需要任何理由的去坚持一个谎言。一个没有理智的社会，往往同时也是一个没有感情的社会。强烈推荐，精采绝伦。
         傻了B了，竟然先看介绍，结果观影过程觉得影片本身十分做作。
         投票不管用，意见领袖也没用，你得让每个人都说个够。然后明智的共识才会产生。
         真理掌握在少数人手中。
         居然对着英文字幕看得津津有味
         这就叫典型的剧情片
        "
指环王3：王者无敌,1291552,9.1,https://movie.douban.com/subject/1291552/," 即使在一起喝过多少次酒，逛过多少次街，掏过多少次心窝，共度过多少时光，许多人还是没能拥有一个能背起你从地狱走向天堂的朋友——山姆。
         骑白马的不一定是王子，是甘道夫；精灵战斗的时候，导演不会毁了他的美貌，别提莱戈拉斯了；裹着蜘蛛丝的弗罗多就像埃及艳后克娄巴特拉；胖子是重要的，他们可以背你；俩人被困在末日火山上，我说要有鹰，于是有鹰了；我差点以为阿拉贡要迎娶莱戈拉斯；弗罗多和山姆是真爱，绝逼的真爱。我要再看原著。
         我就不明白甘道夫升级为白袍巫师了怎么不爱使魔法，改成肉搏战士了。一直期待他使一招毁天灭地……
         要是让peter jackson来拍西游记，会怎样？？
         每次看魔戒都会被奥兰度惊艳到~
         与咕鲁相比，弗罗多是幸运的。他具有别人无可比拟的强大的纯真力量。但他毁灭了魔戒，却无法清除内心被唤醒的邪恶。谁能说在故事最后他远渡海外，不是一种高傲的自我放逐？也许在索伦被消灭的那一刻，他也明白了邪恶的不可战胜。只是不得不与之抗争是英雄的使命。
         把所有小矮人哥俩和女人的戏删掉，这片子才能称得上热血。把他们的拙劣演出放在这部片里，主要是为了省成本吧其实？弗罗多就是个傻逼
         真他妈的墨迹。
         为什么我不爱看指环王
         巨制就是巨制魔幻这题材少了美刀那不是人玩的感想如下：幽灵大军战斗力堪称最强阿拉贡你早调人马来省事好多 就是看着像清鼻涕 甘道夫你这个白袍儿怎么灰头土脸没有人家萨鲁曼当得有气势捏？精灵弓箭手萌~萌~萌~一大笑点是矮人金利 四个霍比特人就数弗罗多不讨喜这是角色设定没有办法 嫁人就嫁阿拉贡介样的人不过丽芙你脸也太长了我设定成宽屏还盛不下你的脸 有人说山姆和弗罗多其实是断背我看很有根据 所谓那会心一笑一切都明了 那额头一吻你别再敲打我心门 额我又腐了 最后压轴凯特你粲然一笑我瞬间倾倒！总结：60块收这6张D9值
         终于结束了，一切如常，我却回不去了
         原来真的可以被友情、信念和正义给感动。。。
         超级经典，看了无数遍
         04年奥斯卡陪练片都很弱，所以也没什么冤案。小金人发给三部曲，PJ拍完LOTR本来就是一件伟大的事情。鉴于电影的要求，老左怨念的“霞尔平乱”是不能有的，拍了绝B被喷成画蛇添足。当然就一部忠于原著的电影而言，PJ做得很到位了，不过要看完三本书三部片绝对需要足够的毅力和体力。
         一口气看完三部白金加长版，对于这样的片子，只有两个字形容：经典。相对于骇客帝国，这三部的连续性非常好，值得称赞。
         史诗的终章。
         看三个小时屁股都坐酸了
         亡灵奔涌那里很帅••••••
         魔戒比其他魔幻系列的厲害之處在於中心的設定，没有一貫的非黑即白，魔戒就是一個赤裸裸的誘惑。每個人面對他，都會遲疑。是選擇克服這種誘惑還是被它所俘虜，全在於你自己。甘道夫最後給孩子們說：我不會讓你們【不哭】，是人都會【哭】。我們需要的，是實實在在的幸福。【魔戒系列結束。成仙了！哈】
         这个是真好看，看5次了好像
        "
无间道,1307914,9.0,https://movie.douban.com/subject/1307914/," 牛就牛在，他让所有演员都达到了巅峰
         我还是不能理解为什么美国人可以这么无耻直接拿本子过去拍出烂片还得了奥斯卡但是不给这部片子正名?
         当年我深刻的爱上了梁朝伟同学
         看了美版的，才知道港版有多好看~55555555
         “出来混，迟早要还的。” 别说，这种港片老爸老妈们已经欣赏不了了，就连弟弟一起看都没坚持看完，哎，我说，片子都这么牛逼了，对你们来说却成不了经典，叹息。
         百年不遇的经典
         “《无间道》拍得相当好，但是再好也已经没有当年港片热气腾腾的生命力了。不知是拍的人变了，还是看的人倦了。《无间道》的前传后续也声势闹猛，它似乎可以打破港片沉沦的僵局。但是，它更像一具艳尸，妆扮得精美绝色，但终究是死物。”网上的这段评论深得我心。


         说不好的人都不懂电影只懂装逼
         最后那一下爆头，刘德华和梁朝伟的眼神里都是震惊，他死在电梯里，电梯门来回的开关，我们也从震惊中恢复，觉得残酷，谁说的，好人有好报，那些为民除害的，都死了。会有人惦记着他们吗？把他们视为英雄吗？又有什么用呢，这个社会还不都是恶人当道。
         港片的里程碑
         梁朝伟已经无与伦比了，那忧郁的眼神，欧~~
         看刘德华演戏好累
         剧情写得好！
         经典港片，无间道，如人生~~
         难怪高中时大家那么喜欢。片尾才发现，陈永仁的生日和我一样。
         我最喜欢是它的色调
         其实这部片子我并没有觉出任何好来，所有人都装着深沉.因此无论怎样都可以继续神展开，总结一下就是：一部大家从头到尾都在努力装着一直装到最后还要装下去的片子.交换角色身份的片子，梁朝伟过得很杯具.其实所有人装着装着连自己的身份都快要忽悠掉了，白的想黑，黑的想白.对了这个有原著么？
         让全世界人重新对香港电影刮目相看的电影，它从哲学的角度直接深入探索人性，去感受身不由己之下的那种窒息，感受贪婪与自私，和所谓的善与恶。编剧确实是相当的出色，梁朝伟的陈松仁直接神化，所有的角色都可圈可点，没有一出多余的地方，以至多年后看美版的时候仍然不忘旧爱。这是港片的里程碑
         8.1/10 看完《The Departed》再来看这个，觉得像个Mini版。香港版更注重情结，美国版刻画人物上更饱满些。
         重看才觉出经典的味道。
        "
怦然心动,3319755,8.9,https://movie.douban.com/subject/3319755/," 外公说的话：有些人浅薄，有些人金玉其外败絮其中，但是总有一天，你会遇到一个绚丽的人，她让你觉得你以前遇到过的所有人都只是浮云。片尾曲Everly brothers的Let it be me很好听。
         当你喜欢我的时候，我不喜欢你；当你爱上我的时候，我喜欢上你；当你离开我的时候，我却爱上你；是你走得太快，还是我跟不上你的脚步……
         山渣树怎么好意思说自己是史上最纯？？！！！！！ 这个真打动我了。。。这女孩是第二眼美女！！！！！！！！！！
         我看完后也对这女孩感触特别深，她独立而勤劳，恪守自尊但又不敏感到浑身长刺，正像邦妮另外一条说的，没有那个男孩，她也会生长得很好。对于成长电影来说，它对孩子和家长都很有教育意义，不论面对挫折还是爱，它都有非常正向的可贵的价值观。
         ………………我能給十星嗎！
         萌死我算了，男主太帅了吧！
         篮子男孩，好萌的活动，怎么我们学校以前没有啊！
         上学的时候早恋，父母反对；上班了不恋爱，父母反对。你真是羡慕人家老外啊。
         Flipped，怦然心动，喜欢这个翻译的片名，就像第一次看到那棵树上的美景，就像第一次看到你闪亮的眼睛，那一瞬，就莫名心动了
         Some of us get dipped in flat, some in satin, some in gloss. But every once in a while, you find someone who's iridescent. And when you do, nothing will ever compare.有些人浅薄，有些人金玉其外而败絮其中。有天你会遇到一个彩虹般绚丽的人，当你遇到这个人后，会觉得其他人只是浮云而已。
         罗伯.莱纳强势回归！手法流畅洗练，丝毫没有落入俗套和滥情之处。对两小无猜的男孩儿/女孩儿巧妙地互动关系下，呈现出他们不同的性格、观点与差异， 旁白充满纯真、幽默和浪漫，在两者巧妙地互动关系下，也对成长有了一番细腻的描绘。男女主角很萌，一个像莱昂纳多，一个有娜塔莉波曼的气质~
         当她在他身边蹦跶乱窜，他始终不屑一顾。当他意识到原来自己的眼神早已无法离开她时，她已优雅、自信、美丽得如同女神一般。
         可能比山楂树还纯哦！
         赤果果的早恋啊！在天朝肯定要被禁！
         太好看了！十星推荐！就是太短了呀！！！！！！
         越看越觉得自己真是老了。。。。。
         真好 小鹿乱撞啊
         真好，两小无猜只是相知过晚。如果你遇到像彩虹一般的ta一定要抓住并珍惜！有些人浅薄，有些人金玉其外败絮其中，但是总有一天，你会遇到一个绚丽的人。ps片尾曲Everly bro的歌词真好，虽然我不相信永远不过如果我可以和相知的ta在一起的话，那么我希望那个人就是我。这片感觉到就够了
         “I bless the day I found you.""有人或许会认为这种以独白为主和双角度的叙事表现方式会降低故事的感染力，但我却十分喜欢这种表现形式。故事虽然单薄，也很模式化，结尾也略显仓促，但看过以后是绝对不会想要给予低分的。Btw，字幕后那段钢琴曲太美妙了。★★★★☆
         山楂树在梧桐树之前就是屎～
        "
熔炉,5912992,9.2,https://movie.douban.com/subject/5912992/,
罗马假日,1293839,8.9,https://movie.douban.com/subject/1293839/," 赫本，无与伦比的美丽。
         没觉得奥黛丽·赫本特别好看，相比更喜欢费·雯丽~~
         离开你 并不是因为不爱你
         谁不爱赫本啊
         当他把手伸进去，她的表情美丽极了……
         我一点都不觉得奥黛丽赫本可爱。
         不错,但也不至于让人欲仙欲死吧?
         没有看过这个的经历会显得自己太无知老土，看过了，觉得真是金童玉女啊，真是令人向往的爱情啊！真是......尽管看完了该无知还无知，老土的也没变洋气，毕竟主人公那长相那气质不是几个整容手术几部电影能成就的。
         完美的公主，天使的笑容，魅力的男人
          奥黛丽·赫本是永远的公主
         戏里戏外皆是戏梦一场
         她说 我最爱罗马
         公主与拍小照的穷光蛋，影史上不灭的永恒瞬间
         永远的奥黛丽·赫本
         罗马，当然是罗马……
         不看就太可惜了。
         经典中的经典，感动中的感动~我的公主，我的罗马
         因为罗马，所以经典。因为短暂，所以永恒。顶着锅盖说一句：其实赫本的气质大过演技～
         赫本赫本 派克派克
         这真的是一部经典浪漫的电影，虽然是黑白的，却让人的内心充满美妙的色彩。赫本美的象天使，派克帅的不象话。演员们表演细腻投入，故事情节曲折动人，全片没有一句“我爱你”，却教人感受到爱的力量——爱是伟大的，无私的，可以战胜贪欲，唤醒美好。真正经久不衰的电影，百看不厌，今天就要重温一遍。
        "
天空之城,1291583,9.0,https://movie.douban.com/subject/1291583/," 多年后重看天空之城才能更加明白，宫崎骏对细节的处理的用心不仅仅是一时的感动你，宫崎骏能通过他的作品来让你逐渐明白生活的可贵，来明白爱与和平的作用。但就……还是早恋！
         我看这部一直会哭，看了几次哭了几次，也不知道为了什么。总之，一看到手臂长长的铁皮人寂寥的站在那座城中，就控制不住了。
         时隔十年重新看这部动画片，被海盗老婆婆那句“头发被剪掉了才是大事”感动得乱七八糟。对于一个女孩子来说，什么金钱散尽啊什么历经苦难啊都被这几个字淡淡抹掉，小小一句话简直就是箴言。
         不看人生不圆满!!!宫爷爷的所有电影都是!
         突然好想哭……
         剧情无甚佳，但天空之城的景象忘不掉，尤其是废墟中布满杂草的死掉机器人出现的时候
         我愿意给10颗星！！！！！！！！！！
         很美 无法忘记配乐
         好电影从来都不会因为岁月的流逝而失去它的味道，反而会越来越香醇，一如地窖里的酒。久石让的音乐堪称完美，画面虽是手绘，但亲切感十足，故事背景细节丰富，人物刻画生动，还有区别于一般动画的深刻主题。★★★★☆
         还是觉得这是宫崎骏最好的一部——“我会像傻瓜那样去保护她”
         每一个女孩最后是不是都会变成妈打啊
         对天空的追逐，永不停止。
         久石让的原声太动人
         喜欢工业革命时期笨拙又功能性的全机械化的东西，觉得发明家很了不起
         音乐太好了
         音乐洗涤心灵系列
         爱，善良，生命之树
         瑰丽的想象。
         最喜欢的动画
         人类历史上昙花一现的飞艇时代竟然衍生出了这么波澜壮阔的故事，尽管早期画风有点幼稚，但想象力就是让人叹为观止。我最敬佩的，是当初决定离开天空之城的先人，因为那需要太多的勇气...
        "
少年派的奇幻漂流,1929463,9.0,https://movie.douban.com/subject/1929463/," 语言匮乏。就想搬个板凳坐电影院门口跟行人说：来嘛~
         整座岛上都是丁满！！！
         【狐獴】，艺名丁满，出道时因自身面部表情傻不被业内看好，一直无名，早期作品有《狐獴大宅门》、《狐獴国度》。94年因参演《狮子王》名声大噪，后与疣猪彭彭发行单曲《哈库拉·马塔塔》，并出演电视剧《彭彭丁满历险记》，全球热播。近期，它又在《少年派的奇幻漂流》有着出色表演被更多观众熟知。
         “我心里有猛虎，在细嗅着蔷薇，审视我的心灵吧，亲爱的朋友，你应战栗，因为那里才是你本来的面目。”——西格夫里·萨松
         生活在信仰缺失最严重的国度，看这样的电影相当于一次输血。深邃阔海，浩缈星空，绝境谕旨接踵而来，漩流深处响起弥撒之音。李安从来都不会纵情，他只是个温柔的人，腼腆着讲述内心的哲学。
         「我的父母 我的兄弟 理查帕克
最後都離我而去了
到頭來我相信人生就是不斷地放下
然而痛心的是
我都沒能好好的與他們道別」
All of life is an act of letting go but what hurts the most is not taking a moment to say goodbye.


李安今天到達現場　驚喜至極
         李安的片子越来越有得道升仙的感觉。。。把奇幻的世界也拍的太美了/见证上帝的说辞是真是让人羡慕有信仰真好/男主角π说人生虽然要放开一些事物，但是放开的时候还是要好好的道别呀。然后我就哭了。。。
         一台灣人以歐美人的3D眼鏡視角講印度人和動物在海上的事兒，除了投合有消費能力的各族人民的口味意圖賺很多錢，實在看不出拍這樣的片子有什麼意義。李安招牌似的溫情肆意氾濫毫無節制。特效和美術設計都萌的很二手日本，後來一問才知道原來出自寶島特效人員的手筆。
         5.0。1.什么都信，才看得见奇幻之美，纵末日亦无惧。2.蓝鲸涌出海面如此之美，迫于抢救食物的派却无暇欣赏。3.即便抛开3D，这照样是个美妙的故事，李安再商业也会有光辉。4.对视深海一幕派与虎合而为一。5.浮尸岛的昼与夜，美与恶。6.同一故事两种讲法，照应梦境与现实。7.人生到头来就是不停地放下。
         不得不承认，跟要讲的漂流故事一样，电影有个挺吸引人的3D开头。中间开始乏力，大段大段重复的明信片场景，呼唤神灵喊妈妈。至于所谓的黑暗版，这种流于表面、直接扔给倾听者（观众）去选择的方法，真的很独到吗？信哪个会提升你的人生感悟么？？反正，它是影响不了我对影片的失望
         五星献给自己看到的最好的3D电影。李安自己也说，拍这电影是不可能完成的任务，但他自己辛苦努力四年终究做到了。第一次如此感受到3D是一部电影不可分割的一部分，以及变换的画幅比例、层层交替的剪辑，一切都是为了故事本身。故事从冒险到有些奇幻，PI其实没有很多内心表达的镜头，但我可以感受到它
         我以为它会回头，但它只是朝着森林深处望去，然后永远消失了。也许父亲说得对，它根本没有把我当成朋友，但我非常确定，我在它眼中看到的，绝对不只是我自己目光投射的倒影。它就那么头也不回的走了，但在我内心深处，它永远与我同在。
         我从小热爱着海洋，觉得它美极了神秘极了，李安完全把我所能想象出的乘以十倍夸张梦幻勾勒出来，水母之夜鲸鱼出水，晚幕下晶莹剔透的绿色孤岛，电闪雷鸣的暴风雨等等，大海上的每一帧剪下来都是一副视觉佳作，3D效果异常出色，老虎出来的那一下我他妈真的在电影院吼了句“我操你妈 ！！！！” 
         在纽约电影节开幕上看了首映，唯一的感觉就是画面真的太！屌￼！了！！！！情节非常紧凑，高潮叠起，3D的效果也不是盖的！！！再说一遍，真的太屌了！！！
         每个人内心深处都渴望美好的事物，却总是无力改变现实的残酷，唯有调整自身的态度，方能为生活寻得一条出路。派将穿透漫天乌云的一线曙光视为神迹，我们又何尝不是因着对光明的憧憬而找到前行的勇气。人生就是不断放下的过程，终有一天能够坦然面对生命中那些遗憾的如影随形。
         好久沒睡那麼香了。把電影弄的跟那些傻逼滿分高考作文一樣真的沒什麼意思，通篇都是類似那種 ""一個人應該有有xx或xx，人生就應該xx或xx，生活應該是xx或xx的樣子"" 的氣息。這些對我來說終究還是太噁心的命題，本身想講的東西誰都懂卻把它做成這種心靈雞湯實在沒什麼意義。
         每个人心中都有一个瑰丽壮观、无人能及的冒险之旅。李安用最豪华的视效和最细挚的情感打造了2012年海上漂流版的《荒野生存》，看完电影，我宁愿相信它是一场梦，长醉不醒。【人生到头来就是不停地放下，可最痛心的是，我都没能跟他好好道别……】
         震撼人心的镜头不少，随便数几个：镜面海、水母夜、飞鱼来袭……3D效果最强的场景之一是奄奄一息的老虎躺在少年腿上的那个夜里，整个影院就像在滴雨，我真的有抬头看是否是电影院天花板漏水了……
         同樣是關於少年和冒險的故事，不得不說，勝過老馬的《雨果》不止一兩點。第一次，3D的感覺不再那麼商業。50屆紐約電影節光榮開幕影片！More than just amazing and great. 
         NYFF首映!!!我太开心我最后买到票了, 因为实在是太好看啦!!!就像看Memento的感觉一样，我感到我再次看到了电影的进步，不管是spiritual上的还是technique上的~Mr. Parker最后那一顿、那个神奇的floating island、望向海底那一眼、美爆了的夜晚的海面…好多好多经典！眼泪哗哗的~李安打通任督二脉了啊！
        "
大话西游之月光宝盒,1299398,8.9,https://movie.douban.com/subject/1299398/," 【当年大学毕业后，我和女朋友各奔东西，曾经的一个晚上，央视6套在12点播映，当至尊宝拥吻紫霞的时候，荡气回肠的歌声也让我潸然泪下....第二天，我打起行囊，踏上火车往她家赶。整整10年过去了，我们已经有一个可爱的女儿了】一生中至少要有两次冲动，一次为奋不顾身的爱情，一次为说走就走的旅行。
         最受欢迎的烂片
         2000年。周星星结尾背着金箍棒转身时看得流眼泪。
         当他奔赴一切穿越时空去拯救自己的爱人~~原来只是为了与另一个人的遇见~~
         对我们这代人影响最大的电影。寓言故事已然存在，不可避免。世界是巨大的枷锁，你不得不重复自己或是别人的生活。
台词：你看那个人的背影好奇怪，他好像条狗啊。
         一遍烂，两遍笑，三遍哭。盘丝大仙给了三颗痣，斧头帮主翻过照妖镜，看着镜中的猴子，此处的配乐足够震撼
         大话西游是一代人心中的经典.
         这才叫旷古烁今。
         让人落泪的喜剧
         片尾曲真的很好听
         逢年过节必放必看的经典 我记得片子里最后一句台词是：“你看那个人，好奇怪哟，象一条狗。” 多少的唏嘘感慨啊
         蛮好笑的，只是没觉得像大家分析的那么悬。不想深究，笑过就好~~
         莫文蔚趴在地上时说了一句话让我很感动，她说，我找到了一个和你很像的人。
         经典不用说 
没第2部好～
         呵呵，1996年看的。【2014】终于在大荧幕上看了。虽然是普通话。经得起这么多次的反刍，可以确认是经典了。想起东邪西毒重演时提前离场的对比，简直。
         爱情是什么？
         经典啊~！
         如果一个妖有人性呢，他就是人妖。
         莫文蔚趴在地上时说了一句话让我很感动，她说，我找到了一个和你很像的人。
         如果说论电影的制作，情节你可以说它是烂片，然而它的情怀和情感却是让人终身难忘，至尊宝和紫霞仙子的爱情是不是也曾触动你内心的某一根琴弦。星爷的喜剧总是能在欢笑中带给你无限的感动和遐想。
        "
鬼子来了,1291858,9.1,https://movie.douban.com/subject/1291858/," 禁了就禁了吧，谁让咱摊上这么个玩意呢。都别说了，妈了个B的。
         陆川快来学习一下牛叉电影是怎么回事吧，不卑不亢不装逼，爱姜文
         姜文是中国的库布里克，王朔说的。影片以独特的视角揭露了日本军国主义者的凶残本性，圈内口碑不错，因没有突出某些政治派别的良好形象，迄今不能公映。
         马大三真可怜，还没有等到伟大中国共产党的到来就死了，党好不容易到来了，片子被又他们禁了，妈了个逼的。
                
                
 这牛逼片要能在中国大荧幕上映就真是改革开放了
         十部南京也抵不过一部鬼子来了。
         一刀刘、二脖子、马大三、四表姐夫、五舅姥爷、六旺、七爷、八婶子、小碌碡...
         我只想替姜文问候广电的领导们一句：日你妈逼好不好？
         从此，“大哥大嫂过年好” 在耳边经久回荡……
         大概姜文最后的一笑意思是“幸好我死了，这狗B的世界我可不想活着”
         皇军来到咱家乡地 共建大东亚共荣圈 皇军来了救苦救难
咱应该大开门户如迎亲人一般～ 八百年前咱是一家 使的一样方块字 咸菜酱汤一个味儿 有道是：打是喜欢骂是爱～“八格牙路”我不见怪 往后哇，“咪西咪西”皇～军～他给～～
         国产片最高境界!
         太他妈深刻了
         中国最好的电影。
         大哥大嫂过年好~~~~AND 姜文这个人是个天分极高的家伙。
         我有个朋友说他一共看了３０多遍……
         心中的点点悲凉，不能一语道尽……
         越荒诞越有力
         留口气活着很重要，可有些事比活着留口气重要
         姜文确实聪明。
        "
两杆大烟枪,1293350,9.0,https://movie.douban.com/subject/1293350/," 中国多少年轻导演在学这风格
         嘛叫编剧功夫？界就叫编剧的功夫！
         没有人尝试那个卖假JB的想法么！
         结构很精细。艾德输光了钱的时候，恍惚出门，扶着墙吐，很真实。一贯老实的厨子打劫前突然说，带把刀好：Guns for show,knives for a pro.——你是不是有什么不为人知的过去？我不知道是马上要打劫可怕还是你的过去可怕。
         克里斯说:""整个过程让我感动!""
         大轮回剧情，赞不绝口。配乐无比踩点。特写连毛孔胡渣都分毫毕现。摇摇欲坠，坐在各种笑料回荡的嘴角上，寻着被烟熏的发黄的咯吱作响的牙齿，就快要从这口腔中滑落下去。笑到背气的是帅哥那严峻，放纵时而又苦逼崩溃的脸。铤而走险后疯癫狂欢，年轻人们决不会想到这一切都只是纠葛的开始。
         我觉得这片儿里的小混混们都挺有型的.
         从此开始喜欢上英伦范儿。我真的是太喜欢这部电影鸟。
         周杰伦捧红了萧邦，疯狂的石头捧红了两杆大烟枪，夜宴捧红了哈姆雷特，集结号捧红了太极旗飘飘？
         貌似疯狂的石头就是在模仿这部片子。麦当娜的前夫的作品。
         疯狂的石头在他面前只是浮云
         谁说这片子比猜火车好的?
         犯罪都那么的英伦范，盖·里奇构造了一出无巧不成书的黑色喜剧，调侃、刺激，别有一番滋味。“四个臭皮匠顶个诸葛亮，盖·里奇果然不是盖的。”
         果真没让我失望 喜欢这样能让你笑着紧张的好电影
         If you hold back anything, I'll kill you.
If you bend the truth, or I think you are, I'll kill you.
If you forget anything, I'll kill you.
In fact, you'll have to work very hard to stay alive, Nick.
Do you understand everything I've said?
Because if 
         昙花一现。但值得纪念。
         此类多线杂糅叙事的代表作
         某2，这是正宗英范儿
         和be cool同类的巧合，全是喜感的巧合..黑帮的轻喜剧 两柄大烟枪作为串场道具，比钻石和石头什么的要妙得多了..当然也远强于那幅莫名其妙的画作..盖里奇越玩越糟糕，被自己造出来的黑帮多线串烧模式给彻底困住了..
         可能是先入为主的关系吧，感觉没有后来的《偷拐抢骗》好~~
        "
飞屋环游记,2129039,8.9,https://movie.douban.com/subject/2129039/," 我心中的结局：就在老爷爷被勒令搬进养老院的第二天，来接他的人发现老爷爷静静地坐在椅子上，手中拿着还没充完的气球。他已经死了，脸上留着幸福的笑容。飞屋冒险只是老爷爷死前的幻境。至此影片结束。
         前面几分钟就让人落泪，后面却越来越不靠谱
         如果你还相信这个世界上还有美好的东西，去看看这部电影吧。cross my heart
         最后那些最无聊的事情，才是我最怀念的。
         好莱坞逻辑——只有主角的梦想才是梦想，反角的梦想都是邪念。。。
         “我总是记得那些无聊的小事情……”“感谢你给了我精彩的一生”，简单并深情着
         去掉小孩，坏蛋，狗，鸟的话，这会是部完美的短片，but......;
那段夫妻蒙太奇应该是我迄今最喜欢的pixar段落了;
有一点不得不佩服pixar，拍的第一部3D就能完全摒弃滥斛噱头；而片头前那个“国内首部真人3D电影”的三分钟预告片，足以列入反面教材的经典了


         气球升起的时候太美好了
         有史以来最强壮的老爷爷和最轻便的房屋~一群最不靠谱的狗和一只引人发笑的怪鸟~外加一位惹人喜爱却戏份不多的老奶奶，组成了一部我大爱的好片！
         从头哭到尾
         基本是儿童剧，最感人的部分一直到屋子初飞起的那一刻，之后就一直在梦游了..=。= 原本以为一切奇想不过是卡尔在再遇女孩那晚所做的一场梦，并且第二天天亮她还会来找他的…对男孩子气的艾莉的印象实在是太深了，这片要是只选取到艾莉死时，卡尔飞起气球，就是满分。皮克斯的技术没得说，因此4星
         史上第二彪悍钉子户的离奇拆迁故事。Pixar完美地成熟了。
         梦想，多久开始实现都不晚。《冰河世纪》也好，《史瑞克》也好，永远都赶不上皮克斯动画的情怀与意境。
         找回丟失已久的夢想吧！在我還未老去的時候···
         PIXAR总是能带来最单纯的美好
         爱和梦想，勇气和希望
         近乎无可挑剔..
         South America is America,but in the south.
         那老头为啥不早点买机票带老太太去仙境瀑布？
         为爱妻遗愿，老钉子户一飞冲天，远赴南美寻梦
        "
蝙蝠侠：黑暗骑士,1851857,9.0,https://movie.douban.com/subject/1851857/,
飞越疯人院,1292224,9.0,https://movie.douban.com/subject/1292224/,
窃听风暴,1900841,9.1,https://movie.douban.com/subject/1900841/,
星际穿越,1889243,9.1,https://movie.douban.com/subject/1889243/,
活着,1292365,9.0,https://movie.douban.com/subject/1292365/,
海豚湾,3442220,9.3,https://movie.douban.com/subject/3442220/,
闻香识女人,1298624,8.9,https://movie.douban.com/subject/1298624/,
V字仇杀队,1309046,8.8,https://movie.douban.com/subject/1309046/,
美丽心灵,1306029,8.9,https://movie.douban.com/subject/1306029/,
教父2,1299131,9.1,https://movie.douban.com/subject/1299131/,
指环王2：双塔奇兵,1291572,8.9,https://movie.douban.com/subject/1291572/,
指环王1：魔戒再现,1291571,8.9,https://movie.douban.com/subject/1291571/,
哈尔的移动城堡,1308807,8.8,https://movie.douban.com/subject/1308807/,
天使爱美丽,1292215,8.7,https://movie.douban.com/subject/1292215/,
情书,1292220,8.8,https://movie.douban.com/subject/1292220/,
死亡诗社,1291548,8.9,https://movie.douban.com/subject/1291548/,
美国往事,1292262,9.1,https://movie.douban.com/subject/1292262/,
七宗罪,1292223,8.7,https://movie.douban.com/subject/1292223/,
钢琴家,1296736,9.0,https://movie.douban.com/subject/1296736/,
狮子王,1301753,8.9,https://movie.douban.com/subject/1301753/,
勇敢的心,1294639,8.8,https://movie.douban.com/subject/1294639/,
致命魔术,1780330,8.8,https://movie.douban.com/subject/1780330/,
被嫌弃的松子的一生,1787291,8.9,https://movie.douban.com/subject/1787291/,
剪刀手爱德华,1292370,8.7,https://movie.douban.com/subject/1292370/,
辩护人,21937445,9.1,https://movie.douban.com/subject/21937445/,
音乐之声,1294408,8.9,https://movie.douban.com/subject/1294408/,
小鞋子,1303021,9.1,https://movie.douban.com/subject/1303021/,
饮食男女,1291818,9.0,https://movie.douban.com/subject/1291818/,
控方证人,1296141,9.6,https://movie.douban.com/subject/1296141/,
低俗小说,1291832,8.7,https://movie.douban.com/subject/1291832/,
入殓师,2149806,8.8,https://movie.douban.com/subject/2149806/,
沉默的羔羊,1293544,8.7,https://movie.douban.com/subject/1293544/,
本杰明·巴顿奇事,1485260,8.7,https://movie.douban.com/subject/1485260/,
蝴蝶效应,1292343,8.7,https://movie.douban.com/subject/1292343/,
黑客帝国,1291843,8.8,https://movie.douban.com/subject/1291843/,
拯救大兵瑞恩,1292849,8.8,https://movie.douban.com/subject/1292849/,
玛丽和马克思,3072124,8.9,https://movie.douban.com/subject/3072124/,
西西里的美丽传说,1292402,8.7,https://movie.douban.com/subject/1292402/,
素媛,21937452,9.1,https://movie.douban.com/subject/21937452/,
心灵捕手,1292656,8.7,https://movie.douban.com/subject/1292656/,
幽灵公主,1297359,8.8,https://movie.douban.com/subject/1297359/,
第六感,1297630,8.8,https://movie.douban.com/subject/1297630/,
阳光灿烂的日子,1291875,8.7,https://movie.douban.com/subject/1291875/,
让子弹飞,3742360,8.7,https://movie.douban.com/subject/3742360/,
大鱼,1291545,8.7,https://movie.douban.com/subject/1291545/,
射雕英雄传之东成西就,1316510,8.7,https://movie.douban.com/subject/1316510/,
春光乍泄,1292679,8.7,https://movie.douban.com/subject/1292679/,
大闹天宫,1418019,9.2,https://movie.douban.com/subject/1418019/,
阳光姐妹淘,4917726,8.8,https://movie.douban.com/subject/4917726/,
重庆森林,1291999,8.6,https://movie.douban.com/subject/1291999/,
上帝之城,1292208,8.9,https://movie.douban.com/subject/1292208/,
禁闭岛,2334904,8.6,https://movie.douban.com/subject/2334904/,
甜蜜蜜,1305164,8.7,https://movie.douban.com/subject/1305164/,
致命ID,1297192,8.6,https://movie.douban.com/subject/1297192/,
告白,4268598,8.6,https://movie.douban.com/subject/4268598/,
一一,1292434,8.9,https://movie.douban.com/subject/1292434/,
加勒比海盗,1298070,8.6,https://movie.douban.com/subject/1298070/,
爱在黎明破晓前,1296339,8.7,https://movie.douban.com/subject/1296339/,
萤火虫之墓,1293318,8.7,https://movie.douban.com/subject/1293318/,
阿凡达,1652587,8.6,https://movie.douban.com/subject/1652587/,
风之谷,1291585,8.8,https://movie.douban.com/subject/1291585/,
布达佩斯大饭店,11525673,8.7,https://movie.douban.com/subject/11525673/,
狩猎,6985810,9.0,https://movie.douban.com/subject/6985810/,
断背山,1418834,8.6,https://movie.douban.com/subject/1418834/,
爱在日落黄昏时,1291990,8.7,https://movie.douban.com/subject/1291990/,
侧耳倾听,1297052,8.8,https://movie.douban.com/subject/1297052/,
猫鼠游戏,1305487,8.7,https://movie.douban.com/subject/1305487/,
摩登时代,1294371,9.2,https://movie.douban.com/subject/1294371/,
驯龙高手,2353023,8.7,https://movie.douban.com/subject/2353023/,
海洋,3443389,9.0,https://movie.douban.com/subject/3443389/,
末代皇帝,1293172,8.8,https://movie.douban.com/subject/1293172/,
超脱,5322596,8.7,https://movie.douban.com/subject/5322596/,
哈利·波特与魔法石,1295038,8.6,https://movie.douban.com/subject/1295038/,
幸福终点站,1292274,8.6,https://movie.douban.com/subject/1292274/,
燃情岁月,1295865,8.8,https://movie.douban.com/subject/1295865/,
谍影重重3,1578507,8.7,https://movie.douban.com/subject/1578507/,
穿条纹睡衣的男孩,3008247,8.8,https://movie.douban.com/subject/3008247/,
电锯惊魂,1417598,8.6,https://movie.douban.com/subject/1417598/,
神偷奶爸,3287562,8.5,https://movie.douban.com/subject/3287562/,
菊次郎的夏天,1293359,8.7,https://movie.douban.com/subject/1293359/,
真爱至上,1292401,8.5,https://movie.douban.com/subject/1292401/,
借东西的小人阿莉埃蒂,4202302,8.7,https://movie.douban.com/subject/4202302/,
虎口脱险,1296909,8.9,https://movie.douban.com/subject/1296909/,
岁月神偷,3792799,8.6,https://movie.douban.com/subject/3792799/,
雨人,1291870,8.6,https://movie.douban.com/subject/1291870/,
倩女幽魂,1297447,8.6,https://movie.douban.com/subject/1297447/,
贫民窟的百万富翁,2209573,8.5,https://movie.douban.com/subject/2209573/,
七武士,1295399,9.1,https://movie.douban.com/subject/1295399/,
消失的爱人,21318488,8.7,https://movie.douban.com/subject/21318488/,
记忆碎片,1304447,8.5,https://movie.douban.com/subject/1304447/,
东邪西毒,1292328,8.6,https://movie.douban.com/subject/1292328/,
恐怖直播,21360417,8.7,https://movie.douban.com/subject/21360417/,
疯狂原始人,1907966,8.7,https://movie.douban.com/subject/1907966/,
怪兽电力公司,1291579,8.6,https://movie.douban.com/subject/1291579/,
杀人回忆,1300299,8.6,https://movie.douban.com/subject/1300299/,
穿越时空的少女,1937946,8.6,https://movie.douban.com/subject/1937946/,
卢旺达饭店,1291822,8.8,https://movie.douban.com/subject/1291822/,
红辣椒,1865703,8.8,https://movie.douban.com/subject/1865703/,
魂断蓝桥,1293964,8.8,https://movie.douban.com/subject/1293964/,
恋恋笔记本,1309163,8.5,https://movie.douban.com/subject/1309163/,
黑天鹅,1978709,8.5,https://movie.douban.com/subject/1978709/,
猜火车,1292528,8.5,https://movie.douban.com/subject/1292528/,
英雄本色,1297574,8.7,https://movie.douban.com/subject/1297574/,
傲慢与偏见,1418200,8.4,https://movie.douban.com/subject/1418200/,
喜宴,1303037,8.8,https://movie.douban.com/subject/1303037/,
教父3,1294240,8.7,https://movie.douban.com/subject/1294240/,
雨中曲,1293460,8.9,https://movie.douban.com/subject/1293460/,
完美的世界,1300992,9.0,https://movie.douban.com/subject/1300992/,
玩具总动员3,1858711,8.7,https://movie.douban.com/subject/1858711/,
纵横四海,1295409,8.7,https://movie.douban.com/subject/1295409/,
人工智能,1302827,8.6,https://movie.douban.com/subject/1302827/,
萤火之森,5989818,8.7,https://movie.douban.com/subject/5989818/,
小森林 夏秋篇,25814705,8.9,https://movie.douban.com/subject/25814705/,
我是山姆,1306861,8.8,https://movie.douban.com/subject/1306861/,
喜剧之王,1302425,8.4,https://movie.douban.com/subject/1302425/,
香水,1760622,8.4,https://movie.douban.com/subject/1760622/,
冰川时代,1291578,8.4,https://movie.douban.com/subject/1291578/,
浪潮,2297265,8.7,https://movie.douban.com/subject/2297265/,
撞车,1388216,8.6,https://movie.douban.com/subject/1388216/,
哈利·波特与死亡圣器(下),3011235,8.6,https://movie.douban.com/subject/3011235/,
7号房的礼物,10777687,8.6,https://movie.douban.com/subject/10777687/,
秒速5厘米,2043546,8.4,https://movie.douban.com/subject/2043546/,
朗读者,2213597,8.5,https://movie.douban.com/subject/2213597/,
碧海蓝天,1300960,8.7,https://movie.douban.com/subject/1300960/,
追随,1397546,9.0,https://movie.douban.com/subject/1397546/,
花样年华,1291557,8.4,https://movie.douban.com/subject/1291557/,
罗生门,1291879,8.7,https://movie.douban.com/subject/1291879/,
梦之安魂曲,1292270,8.7,https://movie.douban.com/subject/1292270/,
战争之王,1419936,8.5,https://movie.douban.com/subject/1419936/,
可可西里,1308857,8.6,https://movie.douban.com/subject/1308857/,
海盗电台,3007773,8.6,https://movie.douban.com/subject/3007773/,
一次别离,5964718,8.7,https://movie.douban.com/subject/5964718/,
心迷宫,25917973,8.6,https://movie.douban.com/subject/25917973/,
唐伯虎点秋香,1306249,8.3,https://movie.douban.com/subject/1306249/,
超能陆战队,11026735,8.6,https://movie.douban.com/subject/11026735/,
时空恋旅人,10577869,8.6,https://movie.douban.com/subject/10577869/,
谍影重重2,1308767,8.5,https://movie.douban.com/subject/1308767/,
谍影重重,1304102,8.5,https://movie.douban.com/subject/1304102/,
迁徙的鸟,1292281,9.1,https://movie.douban.com/subject/1292281/,
荒野生存,1905462,8.6,https://movie.douban.com/subject/1905462/,
地球上的星星,2363506,8.8,https://movie.douban.com/subject/2363506/,
蝙蝠侠：黑暗骑士崛起,3395373,8.5,https://movie.douban.com/subject/3395373/,
阿飞正传,1305690,8.5,https://movie.douban.com/subject/1305690/,
绿里奇迹,1300374,8.7,https://movie.douban.com/subject/1300374/,
勇闯夺命岛,1292728,8.5,https://movie.douban.com/subject/1292728/,
燕尾蝶,1307793,8.6,https://movie.douban.com/subject/1307793/,
恐怖游轮,3011051,8.3,https://movie.douban.com/subject/3011051/,
荒蛮故事,24750126,8.7,https://movie.douban.com/subject/24750126/,
惊魂记,1293181,8.8,https://movie.douban.com/subject/1293181/,
卡萨布兰卡,1296753,8.6,https://movie.douban.com/subject/1296753/,
魔女宅急便,1307811,8.4,https://movie.douban.com/subject/1307811/,
再次出发之纽约遇见你,6874403,8.5,https://movie.douban.com/subject/6874403/,
达拉斯买家俱乐部,1793929,8.6,https://movie.douban.com/subject/1793929/,
小森林 冬春篇,25814707,8.9,https://movie.douban.com/subject/25814707/,
英国病人,1291853,8.4,https://movie.douban.com/subject/1291853/,
这个男人来自地球,2300586,8.5,https://movie.douban.com/subject/2300586/,
变脸,1292659,8.4,https://movie.douban.com/subject/1292659/,
东京物语,1291568,9.2,https://movie.douban.com/subject/1291568/,
终结者2：审判日,1291844,8.5,https://movie.douban.com/subject/1291844/,
未麻的部屋,1395091,8.8,https://movie.douban.com/subject/1395091/,
叫我第一名,4798888,8.6,https://movie.douban.com/subject/4798888/,
E.T. 外星人,1294638,8.5,https://movie.douban.com/subject/1294638/,
被解救的姜戈,6307447,8.5,https://movie.douban.com/subject/6307447/,
牯岭街少年杀人事件,1292329,8.7,https://movie.douban.com/subject/1292329/,
爆裂鼓手,25773932,8.6,https://movie.douban.com/subject/25773932/,
末路狂花,1291992,8.7,https://movie.douban.com/subject/1291992/,
穆赫兰道,1292217,8.3,https://movie.douban.com/subject/1292217/,
发条橙,1292233,8.4,https://movie.douban.com/subject/1292233/,
哪吒闹海,1307315,8.8,https://movie.douban.com/subject/1307315/,
忠犬八公物语,1959195,9.0,https://movie.douban.com/subject/1959195/,
源代码,3075287,8.3,https://movie.douban.com/subject/3075287/,
非常嫌疑犯,1292214,8.6,https://movie.douban.com/subject/1292214/,
黑客帝国3：矩阵革命,1302467,8.5,https://movie.douban.com/subject/1302467/,
新龙门客栈,1292287,8.4,https://movie.douban.com/subject/1292287/,
美国丽人,1292062,8.4,https://movie.douban.com/subject/1292062/,
青蛇,1303394,8.4,https://movie.douban.com/subject/1303394/,
黄金三镖客,1401118,9.1,https://movie.douban.com/subject/1401118/,
上帝也疯狂,1297478,8.6,https://movie.douban.com/subject/1297478/,
爱·回家,1299361,9.0,https://movie.douban.com/subject/1299361/,
无耻混蛋,1438652,8.4,https://movie.douban.com/subject/1438652/,
勇士,3217169,8.9,https://movie.douban.com/subject/3217169/,
初恋这件小事,4739952,8.2,https://movie.douban.com/subject/4739952/,
城市之光,1293908,9.2,https://movie.douban.com/subject/1293908/,
曾经,2053515,8.3,https://movie.douban.com/subject/2053515/,
蓝色大门,1308575,8.2,https://movie.douban.com/subject/1308575/,
麦兜故事,1302476,8.5,https://movie.douban.com/subject/1302476/,
暖暖内含光,1308777,8.4,https://movie.douban.com/subject/1308777/,
蝴蝶,1292056,8.6,https://movie.douban.com/subject/1292056/,
无敌破坏王,6534248,8.6,https://movie.douban.com/subject/6534248/,
与狼共舞,1293764,8.9,https://movie.douban.com/subject/1293764/,
巴黎淘气帮,3157605,8.6,https://movie.douban.com/subject/3157605/,
大卫·戈尔的一生,1305725,8.7,https://movie.douban.com/subject/1305725/,
遗愿清单,1867345,8.5,https://movie.douban.com/subject/1867345/,
国王的演讲,4023638,8.3,https://movie.douban.com/subject/4023638/,
血钻,1428175,8.5,https://movie.douban.com/subject/1428175/,
夜访吸血鬼,1299327,8.3,https://movie.douban.com/subject/1299327/,
偷拐抢骗,1301171,8.5,https://movie.douban.com/subject/1301171/,
两小无猜,1308817,8.2,https://movie.douban.com/subject/1308817/,
爱在暹罗,2365260,8.3,https://movie.douban.com/subject/2365260/,
荒岛余生,1298653,8.4,https://movie.douban.com/subject/1298653/,
中央车站,1292218,8.7,https://movie.douban.com/subject/1292218/,
模仿游戏,10463953,8.5,https://movie.douban.com/subject/10463953/,
月球,3073124,8.5,https://movie.douban.com/subject/3073124/,
千钧一发,1300117,8.7,https://movie.douban.com/subject/1300117/,
罪恶之城,1309027,8.4,https://movie.douban.com/subject/1309027/,
疯狂的石头,1862151,8.2,https://movie.douban.com/subject/1862151/,
寿司之神,6146955,8.8,https://movie.douban.com/subject/6146955/,
枪火,1300741,8.6,https://movie.douban.com/subject/1300741/,
我爱你,5908478,9.0,https://movie.douban.com/subject/5908478/,
爱在午夜降临前,10808442,8.7,https://movie.douban.com/subject/10808442/,
廊桥遗梦,1293929,8.5,https://movie.douban.com/subject/1293929/,
角斗士,1293530,8.4,https://movie.douban.com/subject/1293530/,
假如爱有天意,1304073,8.2,https://movie.douban.com/subject/1304073/,
黑鹰坠落,1291824,8.5,https://movie.douban.com/subject/1291824/,
导盲犬小Q,1316572,8.4,https://movie.douban.com/subject/1316572/,
